team,year,1,2,3,4,5,6,7,8,9,10,11,12,13,14,15,16,17,18,19,20,21,22,23,24,25
ARI,2012,5250000.0,5000000.0,4550000.0,3750000.0,3000000.0,3000000.0,2975000.0,2750000.0,2000000.0,1850000.0,1800000.0,1800000.0,1750000.0,1400000.0,1325000.0,1250000.0,1100000.0,1050000.0,900000.0,900000.0,900000.0,850000.0,625000.0,625000.0,612500.0
ARI,2013,5300000.0,5250000.0,4000000.0,3750000.0,3500000.0,3100000.0,3000000.0,2975000.0,2750000.0,2000000.0,1850000.0,1800000.0,1750000.0,1325000.0,1250000.0,1100000.0,900000.0,900000.0,853333.0,850500.0,803250.0,737500.0,675000.0,650000.0,650000.0
ARI,2014,5666667.0,5500000.0,5500000.0,5300000.0,5250000.0,4500000.0,4000000.0,3750000.0,3100000.0,3000000.0,2975000.0,2750000.0,2550000.0,2500000.0,1187500.0,1150000.0,875000.0,870000.0,863333.0,853333.0,840000.0,830833.0,785000.0,750000.0,737500.0
ARI,2015,5666667.0,5500000.0,5300000.0,5250000.0,4800000.0,4500000.0,4000000.0,3750000.0,3100000.0,2550000.0,2500000.0,1187500.0,1150000.0,1150000.0,1116667.0,925000.0,894167.0,875000.0,863333.0,853333.0,850500.0,840000.0,830833.0,800000.0,667500.0
ARI,2016,5666667.0,5500000.0,5300000.0,3750000.0,3750000.0,3500000.0,3500000.0,3200000.0,3100000.0,3000000.0,2083333.0,1750000.0,1150000.0,1116667.0,1040000.0,925000.0,925000.0,925000.0,875000.0,875000.0,863333.0,863333.0,853333.0,850500.0,772500.0
ARI,2017,5666667.0,5500000.0,5475000.0,4000000.0,3876134.0,3850000.0,3333333.0,3200000.0,3100000.0,2225000.0,2083333.0,1550000.0,1300000.0,1250000.0,1050000.0,1000000.0,1000000.0,1000000.0,925000.0,916667.0,894167.0,894167.0,874125.0,863333.0,863333.0
ARI,2018,6500000.0,5500000.0,5475000.0,4500000.0,4100000.0,2800000.0,2225000.0,2083333.0,1800000.0,1250000.0,1200000.0,1050000.0,1000000.0,1000000.0,1000000.0,925000.0,894167.0,885833.0,863333.0,863333.0,863333.0,863333.0,839167.0,821666.0,745000.0
ARI,2019,6500000.0,5500000.0,5475000.0,4900000.0,4500000.0,4250000.0,4100000.0,3350000.0,2800000.0,1850000.0,1750000.0,1500000.0,1375000.0,1250000.0,1000000.0,925000.0,925000.0,925000.0,925000.0,894167.0,885833.0,863333.0,863333.0,839167.0,821666.0
ARI,2020,8250000.0,8000000.0,6500000.0,6000000.0,5850000.0,5475000.0,5000000.0,4750000.0,4600000.0,4500000.0,4450000.0,4250000.0,3350000.0,1850000.0,1533333.0,1500000.0,1400000.0,1250000.0,925000.0,894167.0,885833.0,874125.0,821666.0,775000.0,745000.0
ARI,2021,8250000.0,8000000.0,7150000.0,5850000.0,5475000.0,5000000.0,4600000.0,4500000.0,4500000.0,4450000.0,4250000.0,1750000.0,1533333.0,1400000.0,1400000.0,1000000.0,1000000.0,1000000.0,894167.0,894167.0,809167.0,800000.0,795000.0,775000.0,775000.0
BOS,2012,6916667.0,5062500.0,5000000.0,5000000.0,4083333.0,4000000.0,3750000.0,3250000.0,2500000.0,2250000.0,2250000.0,2125000.0,1933333.0,1875000.0,1325000.0,1250000.0,1100000.0,1100000.0,1075000.0,916667.0,900000.0,886667.0,875000.0,816667.0,812500.0
BOS,2013,6916667.0,6500000.0,5250000.0,5000000.0,4500000.0,4083333.0,4000000.0,3500000.0,3366667.0,3250000.0,3250000.0,2500000.0,2250000.0,1600000.0,1566667.0,1300000.0,1100000.0,1008333.0,1000000.0,925000.0,916667.0,886667.0,875000.0,760000.0,660000.0
BOS,2014,7000000.0,6916667.0,6000000.0,5250000.0,5000000.0,4500000.0,4250000.0,4000000.0,3366667.0,3250000.0,3000000.0,1800000.0,1600000.0,1566667.0,1300000.0,1100000.0,1008333.0,925000.0,916667.0,900000.0,858750.0,833750.0,786667.0,775000.0,760000.0
BOS,2015,7000000.0,6916667.0,6875000.0,6000000.0,5250000.0,4500000.0,4250000.0,4000000.0,3000000.0,1800000.0,1600000.0,1566667.0,1400000.0,1400000.0,1300000.0,1250000.0,1008333.0,925000.0,925000.0,875000.0,863333.0,863333.0,850500.0,833750.0,800000.0
BOS,2016,7250000.0,7000000.0,6916667.0,6875000.0,4500000.0,4250000.0,4000000.0,3875000.0,3800000.0,3400000.0,3000000.0,2750000.0,2300000.0,1800000.0,1025000.0,950000.0,925000.0,863333.0,850000.0,850000.0,800000.0,800000.0,792500.0,792500.0,792500.0
BOS,2017,7250000.0,7000000.0,6916667.0,6875000.0,6000000.0,5250000.0,4500000.0,4350000.0,3800000.0,2750000.0,2500000.0,2300000.0,2000000.0,1200000.0,1000000.0,950000.0,925000.0,925000.0,925000.0,916667.0,916667.0,900000.0,900000.0,872500.0,863333.0
BOS,2018,7800000.0,7250000.0,7000000.0,6875000.0,6666667.0,6125000.0,6000000.0,5250000.0,4000000.0,3800000.0,2825000.0,2750000.0,2500000.0,1650000.0,1200000.0,925000.0,925000.0,916667.0,900000.0,900000.0,875000.0,872500.0,863333.0,858750.0,808750.0
BOS,2019,7250000.0,7000000.0,6875000.0,6666667.0,6125000.0,6000000.0,5250000.0,5000000.0,4583333.0,3200000.0,2750000.0,2750000.0,2500000.0,1400000.0,1275000.0,1250000.0,1000000.0,925000.0,925000.0,925000.0,916667.0,916667.0,900000.0,872500.0,863333.0
BOS,2020,7250000.0,7000000.0,6875000.0,6666667.0,6125000.0,6000000.0,5250000.0,4900000.0,3200000.0,2850000.0,2800000.0,2750000.0,2750000.0,2600000.0,2000000.0,1498925.0,1400000.0,1275000.0,1250000.0,1000000.0,1000000.0,925000.0,925000.0,894167.0,863333.0
BOS,2021,8000000.0,7250000.0,7000000.0,6875000.0,6666667.0,6125000.0,5250000.0,4900000.0,3687500.0,3675000.0,3100000.0,2850000.0,2750000.0,2600000.0,2250000.0,1600000.0,1500000.0,1498925.0,1350000.0,1275000.0,1250000.0,1000000.0,925000.0,925000.0,894167.0
BUF,2012,7142857.0,6250000.0,5300000.0,4500000.0,4020000.0,4000000.0,4000000.0,4000000.0,4000000.0,3000000.0,2750000.0,2300000.0,1450000.0,1200000.0,950000.0,907500.0,875000.0,875000.0,870000.0,826667.0,816667.0,737500.0,715000.0,675000.0,645833.0
BUF,2013,7142857.0,6250000.0,5500000.0,5300000.0,4500000.0,4020000.0,4000000.0,4000000.0,3000000.0,3000000.0,2950000.0,2812500.0,2750000.0,2000000.0,1450000.0,1250000.0,1200000.0,950000.0,925000.0,925000.0,925000.0,900000.0,826667.0,816667.0,737500.0
BUF,2014,7142857.0,6250000.0,5500000.0,4500000.0,4250000.0,4150000.0,4000000.0,4000000.0,3133333.0,2950000.0,2812500.0,2400000.0,1900000.0,1800000.0,1666667.0,1250000.0,1250000.0,1200000.0,925000.0,925000.0,925000.0,925000.0,925000.0,900000.0,894167.0
BUF,2015,5500000.0,5142857.0,5000000.0,4600000.0,4250000.0,4250000.0,4150000.0,4125000.0,4000000.0,3900000.0,2400000.0,1900000.0,1875000.0,1666667.0,1500000.0,1250000.0,1250000.0,925000.0,925000.0,925000.0,925000.0,925000.0,925000.0,925000.0,900000.0
BUF,2016,6000000.0,5250000.0,5142857.0,5000000.0,4600000.0,4250000.0,3900000.0,3325000.0,3000000.0,2950000.0,2225000.0,1875000.0,1738026.0,1666667.0,1300000.0,1212222.0,1125000.0,925000.0,925000.0,925000.0,925000.0,900000.0,894167.0,894167.0,874125.0
BUF,2017,7500000.0,6000000.0,5400000.0,5250000.0,5142857.0,5000000.0,4600000.0,4333333.0,4250000.0,3900000.0,3325000.0,2250000.0,2225000.0,1600000.0,1150000.0,1000000.0,950000.0,925000.0,925000.0,925000.0,925000.0,894167.0,883750.0,842500.0,775833.0
BUF,2018,7500000.0,6000000.0,5600000.0,5400000.0,5250000.0,5142857.0,5000000.0,4000000.0,4000000.0,3900000.0,2500000.0,2400000.0,1600000.0,1600000.0,1475000.0,1150000.0,950000.0,925000.0,925000.0,925000.0,894167.0,894166.0,858750.0,750000.0,718333.0
BUF,2019,10000000.0,6000000.0,5725000.0,5600000.0,5400000.0,5142857.0,4000000.0,3850000.0,3650000.0,3500000.0,3387500.0,3000000.0,2750000.0,2400000.0,2250000.0,1600000.0,1600000.0,1475000.0,1050000.0,925000.0,925000.0,925000.0,925000.0,874125.0,874125.0
BUF,2020,10000000.0,9000000.0,6000000.0,5400000.0,5142857.0,5000000.0,4500000.0,4300000.0,4000000.0,3875000.0,3650000.0,3500000.0,3387500.0,3000000.0,2850000.0,2750000.0,2275000.0,2000000.0,1600000.0,1550000.0,1325000.0,1300000.0,1050000.0,925000.0,925000.0
BUF,2021,10000000.0,9000000.0,8000000.0,6000000.0,5400000.0,5200000.0,3875000.0,3850000.0,3250000.0,3050000.0,2850000.0,2750000.0,2600000.0,2250000.0,1600000.0,1400000.0,925000.0,925000.0,925000.0,925000.0,894167.0,889166.0,874125.0,864166.0,845000.0
CAR,2012,8250000.0,6300000.0,4500000.0,4250000.0,3833333.0,3800000.0,3000000.0,2900000.0,2750000.0,2066667.0,1700000.0,1500000.0,900000.0,845833.0,840000.0,750000.0,704167.0,704166.0,700000.0,700000.0,685000.0,658333.0,625000.0,600000.0,525000.0
CAR,2013,8250000.0,7000000.0,6300000.0,4750000.0,4500000.0,4000000.0,4000000.0,3000000.0,2000000.0,1800000.0,1700000.0,1600000.0,1000000.0,900000.0,894167.0,850000.0,840000.0,800000.0,750000.0,725000.0,704167.0,704166.0,700000.0,700000.0,650000.0
CAR,2014,8250000.0,7000000.0,6300000.0,6000000.0,5725000.0,4750000.0,4000000.0,3875000.0,2750000.0,2000000.0,1600000.0,1500000.0,925000.0,900000.0,863333.0,840000.0,800000.0,725000.0,725000.0,700000.0,600000.0,600000.0,600000.0,600000.0,600000.0
CAR,2015,8250000.0,7000000.0,6300000.0,6000000.0,5725000.0,4833333.0,3875000.0,2950000.0,2833333.0,2750000.0,2250000.0,1750000.0,1500000.0,1200000.0,1000000.0,925000.0,900000.0,863333.0,755000.0,738333.0,725000.0,700000.0,680833.0,652500.0,650000.0
CAR,2016,8250000.0,6300000.0,6000000.0,5725000.0,5500000.0,4833333.0,4400000.0,3875000.0,2833333.0,1750000.0,1200000.0,1150000.0,1150000.0,925000.0,925000.0,912500.0,875000.0,863333.0,817500.0,811667.0,809167.0,742500.0,725000.0,680833.0,675000.0
CAR,2017,6000000.0,5725000.0,4833333.0,4000000.0,4000000.0,3300000.0,2833333.0,2750000.0,2700000.0,2500000.0,1500000.0,1275000.0,1200000.0,925000.0,925000.0,912500.0,894167.0,858750.0,817500.0,811667.0,811667.0,809167.0,787500.0,750000.0,742500.0
CAR,2018,6000000.0,5725000.0,4833333.0,4500000.0,4150000.0,4000000.0,3300000.0,3083333.0,2860000.0,2700000.0,2500000.0,1425000.0,1275000.0,925000.0,925000.0,925000.0,887500.0,863333.0,850000.0,842500.0,825000.0,809167.0,775000.0,770000.0,746667.0
CAR,2019,6000000.0,5750000.0,5300000.0,5250000.0,4833333.0,4550000.0,4500000.0,4150000.0,4025000.0,4000000.0,2860000.0,2300000.0,1800000.0,1750000.0,1500000.0,925000.0,925000.0,925000.0,894167.0,887500.0,863333.0,863333.0,850000.0,811667.0,811666.0
CAR,2020,8454000.0,6000000.0,5750000.0,5400000.0,5300000.0,5250000.0,5250000.0,4875000.0,4750000.0,4050000.0,4025000.0,3400000.0,3375000.0,3125000.0,3100000.0,2750000.0,2300000.0,2100000.0,2000000.0,925000.0,897500.0,863333.0,863333.0,850000.0,775000.0
CAR,2021,8460250.0,6000000.0,5750000.0,5400000.0,5300000.0,5250000.0,5250000.0,4750000.0,4050000.0,4025000.0,3400000.0,3375000.0,3125000.0,2150000.0,2100000.0,2000000.0,2000000.0,1650000.0,1300000.0,925000.0,863333.0,863333.0,809166.0,763333.0,750000.0
CBJ,2012,7800000.0,5500000.0,5272727.0,4357143.0,3750000.0,3750000.0,3200000.0,3000000.0,2900000.0,2843750.0,2650000.0,2200000.0,1300000.0,1250000.0,870000.0,840000.0,783333.0,775000.0,740167.0,725000.0,712500.0,712500.0,700000.0,700000.0,666667.0
CBJ,2013,7500000.0,5500000.0,4600000.0,4500000.0,4357143.0,4200000.0,3200000.0,3083333.0,2900000.0,2150000.0,1875000.0,1633333.0,1250000.0,1050000.0,1000000.0,925000.0,900000.0,900000.0,870000.0,840000.0,783333.0,775000.0,740167.0,712500.0,666667.0
CBJ,2014,7500000.0,5625000.0,5500000.0,5300000.0,4600000.0,4500000.0,4357143.0,4200000.0,3500000.0,3283333.0,3083333.0,2150000.0,1250000.0,1150000.0,1050000.0,1000000.0,1000000.0,987500.0,900000.0,894167.0,875000.0,870000.0,826875.0,778333.0,709275.0
CBJ,2015,5625000.0,5500000.0,5250000.0,4750000.0,4500000.0,4357143.0,4200000.0,4000000.0,3333333.0,3283333.0,3083333.0,2250000.0,1700000.0,1300000.0,1250000.0,1150000.0,1075000.0,987500.0,925000.0,925000.0,894167.0,894167.0,830833.0,800000.0,778333.0
CBJ,2016,7425000.0,6000000.0,5850000.0,5500000.0,5250000.0,4750000.0,4500000.0,4357143.0,4000000.0,3500000.0,3333333.0,2200000.0,1700000.0,1500000.0,1300000.0,1075000.0,925000.0,925000.0,925000.0,894167.0,894167.0,863333.0,830833.0,800000.0,778333.0
CBJ,2017,7425000.0,6000000.0,5850000.0,5500000.0,5400000.0,4750000.0,4357143.0,4250000.0,3500000.0,2900000.0,2825000.0,2200000.0,1575000.0,1250000.0,1000000.0,1000000.0,925000.0,925000.0,925000.0,863333.0,817500.0,800000.0,742500.0,717500.0,678333.0
CBJ,2018,7425000.0,6000000.0,5850000.0,5500000.0,5400000.0,4900000.0,4357143.0,4250000.0,3500000.0,2900000.0,2825000.0,2200000.0,2100000.0,2000000.0,1850000.0,1800000.0,1100000.0,925000.0,925000.0,900000.0,894166.0,894166.0,863333.0,825000.0,817500.0
CBJ,2019,7425000.0,6000000.0,6000000.0,5875000.0,5850000.0,5500000.0,5400000.0,4900000.0,4250000.0,3750000.0,2825000.0,2750000.0,2750000.0,2700000.0,2500000.0,1850000.0,1800000.0,925000.0,925000.0,925000.0,925000.0,900000.0,897500.0,894166.0,894166.0
CBJ,2020,5875000.0,5500000.0,5500000.0,5400000.0,5000000.0,4900000.0,4600000.0,4250000.0,3750000.0,2750000.0,2700000.0,2500000.0,2300000.0,1850000.0,1633333.0,1150000.0,925000.0,925000.0,925000.0,916667.0,897500.0,894167.0,894166.0,894166.0,874125.0
CBJ,2021,6750000.0,5875000.0,5500000.0,5400000.0,5300000.0,5000000.0,5000000.0,4250000.0,4000000.0,3750000.0,2800000.0,2800000.0,2750000.0,2500000.0,2030952.0,1650000.0,1633333.0,1500000.0,1200000.0,975000.0,925000.0,925000.0,925000.0,925000.0,916667.0
CGY,2012,7000000.0,6680000.0,6000000.0,5833333.0,4020000.0,3500000.0,3500000.0,3333333.0,3000000.0,3000000.0,2550000.0,2500000.0,2500000.0,1900000.0,1250000.0,1000000.0,925000.0,916667.0,862500.0,845833.0,845833.0,713333.0,700000.0,613333.0,600000.0
CGY,2013,7000000.0,6680000.0,6000000.0,5833333.0,5250000.0,4020000.0,4000000.0,3500000.0,3500000.0,2550000.0,2500000.0,2500000.0,1250000.0,1250000.0,900000.0,894167.0,775000.0,725000.0,695000.0,650000.0,618333.0,613333.0,612500.0,600000.0,575000.0
CGY,2014,6000000.0,5250000.0,4020000.0,4000000.0,4000000.0,3500000.0,3500000.0,2750000.0,2550000.0,2500000.0,2125000.0,2000000.0,1700000.0,1500000.0,1500000.0,1250000.0,925000.0,925000.0,925000.0,925000.0,925000.0,912500.0,900000.0,900000.0,894167.0
CGY,2015,5250000.0,4500000.0,4020000.0,4000000.0,4000000.0,3500000.0,3150000.0,3125000.0,2916667.0,2750000.0,2600000.0,2550000.0,2125000.0,1500000.0,1275000.0,1250000.0,1187500.0,925000.0,925000.0,925000.0,925000.0,925000.0,900000.0,900000.0,894167.0
CGY,2016,5750000.0,5250000.0,4650400.0,4500000.0,4300000.0,4020000.0,4000000.0,4000000.0,3800000.0,3575000.0,3500000.0,3416666.0,3150000.0,3125000.0,2916667.0,2600000.0,2200000.0,1275000.0,1250000.0,975000.0,925000.0,925000.0,925000.0,925000.0,900000.0
CGY,2017,6750000.0,6750000.0,6375000.0,5750000.0,5250000.0,4650400.0,4500000.0,4300000.0,4000000.0,3575000.0,3125000.0,2916667.0,2500000.0,2200000.0,1700000.0,950000.0,925000.0,925000.0,925000.0,925000.0,925000.0,900000.0,894167.0,863333.0,825000.0
CGY,2018,6750000.0,6750000.0,6375000.0,5750000.0,5666667.0,4650400.0,4500000.0,4300000.0,3857143.0,3575000.0,3500000.0,3125000.0,2750000.0,1950000.0,1750000.0,1750000.0,1150000.0,1000000.0,950000.0,925000.0,925000.0,925000.0,925000.0,863333.0,755833.0
CGY,2019,6750000.0,6750000.0,6375000.0,5750000.0,5666667.0,5350000.0,4950000.0,4850000.0,4650400.0,4300000.0,3857143.0,3500000.0,3125000.0,1950000.0,1675000.0,1250000.0,950000.0,925000.0,894166.0,850000.0,800000.0,800000.0,778333.0,755833.0,730833.0
CGY,2020,7000000.0,6750000.0,6750000.0,6375000.0,6000000.0,5350000.0,4950000.0,4850000.0,4650400.0,4300000.0,3857143.0,3125000.0,2750000.0,2750000.0,2550000.0,2525000.0,1675000.0,1250000.0,1200000.0,925000.0,778333.0,755833.0,735000.0,730833.0,715000.0
CGY,2021,7000000.0,6750000.0,6750000.0,6375000.0,6000000.0,6000000.0,5350000.0,4950000.0,4850000.0,4550000.0,4500000.0,3125000.0,2750000.0,2550000.0,2425000.0,925000.0,894166.0,875000.0,801666.0,787500.0,778333.0,733333.0,725000.0,700000.0,700000.0
CHI,2012,6300000.0,6300000.0,5800000.0,5538462.0,5275000.0,3900000.0,3500000.0,3500000.0,3375000.0,3125000.0,2750000.0,2666667.0,2333333.0,900000.0,875000.0,795000.0,775000.0,738333.0,735000.0,735000.0,700000.0,654167.0,618333.0,600000.0,592500.0
CHI,2013,6300000.0,6300000.0,5900000.0,5800000.0,5538462.0,5275000.0,3500000.0,3375000.0,3375000.0,2666667.0,2500000.0,2333333.0,2000000.0,1486598.0,1150000.0,900000.0,875000.0,825000.0,764167.0,735000.0,735000.0,654167.0,618333.0,600000.0,592500.0
CHI,2014,6300000.0,6300000.0,5900000.0,5800000.0,5538462.0,5275000.0,4400000.0,4000000.0,3500000.0,3375000.0,2700000.0,2666667.0,2200000.0,1700000.0,1287500.0,1000000.0,925000.0,925000.0,925000.0,785000.0,764167.0,750000.0,735000.0,654167.0,631666.0
CHI,2015,6300000.0,6300000.0,6000000.0,5900000.0,5800000.0,5538462.0,5275000.0,4400000.0,4100000.0,4000000.0,3750000.0,3375000.0,2200000.0,2000000.0,2000000.0,2000000.0,1500000.0,1287500.0,925000.0,925000.0,894167.0,894167.0,863333.0,858750.0,800000.0
CHI,2016,10500000.0,10500000.0,6000000.0,5800000.0,5538462.0,5275000.0,4400000.0,4100000.0,4000000.0,3375000.0,3300000.0,3283333.0,2000000.0,1800000.0,1500000.0,1500000.0,1050000.0,1040000.0,1025000.0,975000.0,925000.0,925000.0,925000.0,894167.0,863333.0
CHI,2017,10500000.0,10500000.0,6875000.0,6000000.0,5538462.0,5275000.0,4550000.0,4100000.0,3750000.0,3083333.0,1500000.0,925000.0,925000.0,925000.0,900000.0,875000.0,872500.0,863333.0,825000.0,812500.0,800000.0,750000.0,717500.0,667500.0,600000.0
CHI,2018,10500000.0,10500000.0,6875000.0,6000000.0,6000000.0,5538462.0,4550000.0,3850000.0,2800000.0,1200000.0,1000000.0,1000000.0,925000.0,925000.0,925000.0,925000.0,925000.0,925000.0,872500.0,863333.0,833750.0,800000.0,800000.0,778333.0,775833.0
CHI,2019,10500000.0,10500000.0,6875000.0,6000000.0,6000000.0,5538462.0,4550000.0,3850000.0,3083333.0,3000000.0,2250000.0,2250000.0,1500000.0,1200000.0,1000000.0,925000.0,925000.0,925000.0,925000.0,925000.0,925000.0,925000.0,872500.0,865000.0,863333.0
CHI,2020,10500000.0,10500000.0,6875000.0,6000000.0,6000000.0,5538462.0,5000000.0,4550000.0,4083333.0,3900000.0,3850000.0,3250000.0,1500000.0,1200000.0,1000000.0,1000000.0,925000.0,925000.0,925000.0,925000.0,925000.0,925000.0,894167.0,894167.0,880833.0
CHI,2021,10500000.0,6400000.0,5538462.0,4550000.0,3900000.0,3850000.0,3700000.0,3500000.0,3200000.0,3000000.0,2250000.0,1000000.0,1000000.0,1000000.0,1000000.0,1000000.0,950000.0,950000.0,925000.0,925000.0,925000.0,925000.0,912500.0,894167.0,880833.0
COL,2012,6600000.0,3250000.0,3125000.0,2833333.0,2600000.0,2000000.0,1850000.0,1800000.0,1550000.0,1450000.0,1275000.0,1250000.0,1250000.0,1100000.0,1033333.0,950000.0,925000.0,900000.0,880000.0,850000.0,843333.0,715000.0,700000.0,700000.0,680000.0
COL,2013,6600000.0,5000000.0,4000000.0,4000000.0,3750000.0,3500000.0,3250000.0,2833333.0,2650000.0,2250000.0,2250000.0,2000000.0,1800000.0,1750000.0,1600000.0,1250000.0,1250000.0,1150000.0,1100000.0,925000.0,843333.0,715000.0,700000.0,683333.0,621667.0
COL,2014,6600000.0,5000000.0,4000000.0,3750000.0,3500000.0,3500000.0,3250000.0,2833333.0,2650000.0,2250000.0,1800000.0,1750000.0,1600000.0,1500000.0,1150000.0,1100000.0,1000000.0,925000.0,925000.0,900000.0,900000.0,850000.0,843333.0,735000.0,715000.0
COL,2015,6000000.0,6000000.0,5900000.0,5571429.0,5333333.0,4000000.0,3750000.0,3600000.0,3500000.0,3250000.0,2950000.0,2600000.0,2250000.0,1800000.0,1800000.0,1450000.0,1150000.0,1000000.0,925000.0,863333.0,850500.0,850500.0,813333.0,800000.0,750000.0
COL,2016,6000000.0,5900000.0,5571429.0,5333333.0,4750000.0,4500000.0,3750000.0,3750000.0,3600000.0,3500000.0,2600000.0,2400000.0,2300000.0,1800000.0,1650000.0,1575000.0,1450000.0,1333333.0,925000.0,925000.0,894167.0,850500.0,850500.0,843333.0,800000.0
COL,2017,6300000.0,6000000.0,6000000.0,5900000.0,5571429.0,5500000.0,5333333.0,4750000.0,4500000.0,2500000.0,2400000.0,2000000.0,1800000.0,1575000.0,1333333.0,1300000.0,1000000.0,925000.0,925000.0,916667.0,894167.0,894167.0,874125.0,800000.0,800000.0
COL,2018,6300000.0,6000000.0,6000000.0,5900000.0,5571429.0,5500000.0,4750000.0,3937500.0,2750000.0,2400000.0,2150000.0,1400000.0,1350000.0,1000000.0,945000.0,925000.0,925000.0,925000.0,925000.0,894167.0,885833.0,875000.0,843333.0,833333.0,750000.0
COL,2019,6300000.0,6000000.0,5900000.0,5571429.0,5500000.0,5000000.0,4750000.0,4250000.0,3937500.0,3333333.0,2850000.0,2500000.0,2150000.0,1975000.0,1450000.0,1400000.0,950000.0,925000.0,925000.0,925000.0,925000.0,894167.0,885833.0,880833.0,833333.0
COL,2020,9250000.0,6300000.0,6000000.0,5571429.0,4500000.0,4250000.0,4000000.0,3900000.0,3500000.0,3333333.0,3250000.0,3200000.0,2850000.0,2600000.0,1975000.0,1800000.0,1450000.0,1375000.0,950000.0,925000.0,925000.0,894167.0,885833.0,880833.0,850000.0
COL,2021,9250000.0,6300000.0,6000000.0,6000000.0,5571429.0,5000000.0,4900000.0,4500000.0,4333333.0,4250000.0,4100000.0,3900000.0,3500000.0,3333333.0,3166667.0,3000000.0,2850000.0,2500000.0,2250000.0,1800000.0,1000000.0,925000.0,925000.0,925000.0,908333.0
DAL,2012,5000000.0,4250000.0,4100000.0,3550000.0,3500000.0,3300000.0,3300000.0,2950000.0,2000000.0,1833333.0,1800000.0,1650000.0,1625000.0,1400000.0,1150000.0,1000000.0,900000.0,870000.0,837500.0,775000.0,743333.0,650000.0,635000.0,630000.0,621667.0
DAL,2013,5250000.0,4600000.0,4500000.0,4500000.0,4500000.0,4250000.0,4100000.0,4000000.0,3550000.0,3500000.0,3300000.0,3300000.0,1800000.0,1500000.0,1400000.0,1025000.0,900000.0,894167.0,892500.0,866667.0,743333.0,625000.0,621667.0,612500.0,600000.0
DAL,2014,5900000.0,5750000.0,5500000.0,5250000.0,5000000.0,4600000.0,4500000.0,4500000.0,3300000.0,3300000.0,3250000.0,2500000.0,1800000.0,1500000.0,925000.0,900000.0,894167.0,866667.0,763333.0,743333.0,740000.0,700000.0,683333.0,660000.0,650000.0
DAL,2015,7000000.0,5900000.0,5750000.0,5500000.0,5250000.0,5000000.0,4600000.0,4500000.0,4000000.0,3400000.0,3300000.0,2000000.0,1900000.0,1850000.0,1800000.0,1250000.0,1250000.0,1250000.0,1187500.0,925000.0,925000.0,894167.0,814167.0,763333.0,713333.0
DAL,2016,7500000.0,5900000.0,5900000.0,5750000.0,5250000.0,4600000.0,4500000.0,4250000.0,4000000.0,3750000.0,3400000.0,2600000.0,2000000.0,1900000.0,1850000.0,1250000.0,1150000.0,925000.0,900000.0,900000.0,894167.0,875000.0,870000.0,863333.0,814167.0
DAL,2017,7500000.0,5900000.0,5900000.0,5750000.0,5250000.0,4500000.0,4250000.0,4000000.0,3850000.0,3750000.0,3750000.0,2000000.0,2000000.0,1100000.0,1000000.0,1000000.0,925000.0,918750.0,900000.0,894167.0,875000.0,870000.0,863333.0,863333.0,800000.0
DAL,2018,9500000.0,7500000.0,6250000.0,5900000.0,5750000.0,4916667.0,4900000.0,4750000.0,4250000.0,3750000.0,2200000.0,2200000.0,2000000.0,1750000.0,1000000.0,964688.0,894167.0,870000.0,863333.0,800000.0,770833.0,728333.0,725000.0,700000.0,700000.0
DAL,2019,9500000.0,7500000.0,6250000.0,5750000.0,4916667.0,4900000.0,4750000.0,4500000.0,4250000.0,3250000.0,2950000.0,2666667.0,2500000.0,2400000.0,2300000.0,2300000.0,2200000.0,2200000.0,2137500.0,1750000.0,1300000.0,1300000.0,1000000.0,925000.0,894166.0
DAL,2020,9850000.0,9500000.0,7000000.0,6250000.0,5800000.0,4916667.0,4250000.0,3250000.0,2500000.0,2400000.0,2350000.0,2300000.0,2200000.0,2137500.0,1750000.0,1500000.0,1500000.0,1500000.0,925000.0,925000.0,925000.0,925000.0,894166.0,894166.0,811667.0
DAL,2021,9850000.0,9500000.0,7000000.0,6250000.0,5800000.0,4250000.0,3333333.0,3250000.0,3250000.0,3150000.0,2550000.0,2400000.0,2137500.0,2000000.0,1500000.0,1500000.0,925000.0,925000.0,925000.0,894166.0,863333.0,795000.0,762500.0,750000.0,750000.0
DET,2012,6700000.0,6200000.0,6083333.0,3954545.0,3750000.0,3250000.0,3125000.0,3000000.0,3000000.0,2875000.0,2875000.0,2250000.0,1937500.0,1200000.0,1000000.0,912500.0,883333.0,875000.0,837500.0,787500.0,785000.0,762500.0,612500.0,600000.0,550000.0
DET,2013,6700000.0,6083333.0,4750000.0,3954545.0,3775000.0,3250000.0,3000000.0,3000000.0,2875000.0,2500000.0,2250000.0,2125000.0,2075000.0,1900000.0,1800000.0,1500000.0,1200000.0,925000.0,883333.0,875000.0,837500.0,785000.0,762500.0,750000.0,630000.0
DET,2014,6700000.0,6083333.0,5291666.0,4900000.0,4750000.0,4500000.0,3954545.0,3775000.0,3500000.0,3250000.0,3000000.0,2400000.0,2125000.0,2075000.0,1900000.0,1800000.0,1500000.0,1350000.0,1262500.0,1200000.0,950000.0,925000.0,785000.0,732500.0,725000.0
DET,2015,7500000.0,6083333.0,5291666.0,4900000.0,4750000.0,4500000.0,4250000.0,4250000.0,3954545.0,3000000.0,2750000.0,2400000.0,2187500.0,2125000.0,1850000.0,1800000.0,1350000.0,1262500.0,950000.0,950000.0,732500.0,725000.0,709167.0,698333.0,670000.0
DET,2016,7500000.0,6083333.0,6000000.0,5291666.0,4750000.0,4750000.0,4250000.0,4250000.0,3954545.0,3000000.0,2750000.0,2750000.0,2400000.0,2187500.0,2125000.0,1800000.0,1350000.0,950000.0,925000.0,900000.0,863333.0,815000.0,792500.0,737500.0,670000.0
DET,2017,6083333.0,6000000.0,5291666.0,5250000.0,5000000.0,4750000.0,4750000.0,4250000.0,4250000.0,4250000.0,4000000.0,3850000.0,2750000.0,2750000.0,2600000.0,2075000.0,1450000.0,1025000.0,925000.0,900000.0,894167.0,863333.0,800000.0,715000.0,680000.0
DET,2018,6083333.0,6000000.0,5300000.0,5291666.0,5250000.0,5000000.0,4750000.0,4750000.0,4250000.0,4250000.0,4000000.0,3850000.0,3166666.0,2075000.0,1800000.0,1387500.0,1250000.0,925000.0,863333.0,863333.0,812500.0,750000.0,700000.0,686667.0,661667.0
DET,2019,6100000.0,5375000.0,5291666.0,5250000.0,5000000.0,4750000.0,4750000.0,4250000.0,4250000.0,3850000.0,3300000.0,3166666.0,3000000.0,3000000.0,3000000.0,1800000.0,1400000.0,1050000.0,1000000.0,925000.0,925000.0,925000.0,900000.0,894166.0,894166.0
DET,2020,6100000.0,5375000.0,5250000.0,5000000.0,4250000.0,4250000.0,4000000.0,3850000.0,3300000.0,3166666.0,3150000.0,3000000.0,3000000.0,3000000.0,3000000.0,1800000.0,1400000.0,1050000.0,1000000.0,925000.0,900000.0,900000.0,894167.0,894166.0,874125.0
DET,2021,6100000.0,5700000.0,5700000.0,5250000.0,5000000.0,3850000.0,3600000.0,3500000.0,3350000.0,3000000.0,3000000.0,3000000.0,2950000.0,2750000.0,2000000.0,1800000.0,1700000.0,1000000.0,1000000.0,997500.0,925000.0,925000.0,894167.0,894167.0,894166.0
EDM,2012,6250000.0,5500000.0,4100000.0,4000000.0,4000000.0,3750000.0,3500000.0,2275000.0,2250000.0,2250000.0,2062500.0,1750000.0,1500000.0,1100000.0,925000.0,900000.0,900000.0,880000.0,875000.0,875000.0,875000.0,850000.0,825000.0,816667.0,800000.0
EDM,2013,5500000.0,5000000.0,4000000.0,3750000.0,3500000.0,3500000.0,3200000.0,2250000.0,2250000.0,1750000.0,1750000.0,1500000.0,1475000.0,1100000.0,925000.0,925000.0,925000.0,900000.0,900000.0,880000.0,875000.0,875000.0,850000.0,800000.0,800000.0
EDM,2014,6000000.0,6000000.0,5000000.0,4800000.0,3812500.0,3500000.0,3500000.0,3500000.0,3250000.0,3000000.0,2900000.0,2250000.0,2000000.0,1850000.0,1750000.0,1500000.0,1500000.0,1275000.0,1100000.0,1025000.0,1000000.0,950000.0,925000.0,925000.0,925000.0
EDM,2015,6000000.0,6000000.0,6000000.0,4500000.0,4500000.0,4000000.0,3812500.0,3675000.0,3625000.0,3250000.0,3075000.0,3000000.0,2900000.0,2300000.0,1850000.0,1000000.0,950000.0,925000.0,925000.0,894167.0,894167.0,894167.0,842500.0,817500.0,800000.0
EDM,2016,6000000.0,6000000.0,6000000.0,5500000.0,4500000.0,4500000.0,4000000.0,3900000.0,3625000.0,3250000.0,2500000.0,2500000.0,2000000.0,1850000.0,1800000.0,1750000.0,1450000.0,1250000.0,1000000.0,1000000.0,987500.0,925000.0,925000.0,925000.0,894167.0
EDM,2017,6000000.0,6000000.0,6000000.0,5500000.0,4167000.0,4166666.0,4166666.0,4000000.0,3625000.0,3500000.0,3100000.0,2000000.0,1850000.0,1800000.0,1500000.0,1425000.0,987500.0,950000.0,925000.0,925000.0,925000.0,925000.0,925000.0,925000.0,875000.0
EDM,2018,8500000.0,6000000.0,6000000.0,5500000.0,4167000.0,4166666.0,4166666.0,4000000.0,2500000.0,2000000.0,1950000.0,1800000.0,1425000.0,1100000.0,1062500.0,1000000.0,925000.0,925000.0,925000.0,925000.0,925000.0,925000.0,900000.0,863333.0,750000.0
EDM,2019,12500000.0,8500000.0,6000000.0,6000000.0,5500000.0,4167000.0,4166666.0,4166666.0,4000000.0,4000000.0,3200000.0,3150000.0,3100000.0,2500000.0,2250000.0,2000000.0,1950000.0,1950000.0,1900000.0,1500000.0,1150000.0,1000000.0,925000.0,925000.0,925000.0
EDM,2020,12500000.0,8500000.0,6000000.0,5750000.0,5375000.0,4500000.0,4167000.0,4166666.0,4000000.0,3200000.0,3150000.0,3000000.0,2250000.0,2150000.0,2000000.0,1950000.0,1900000.0,1300000.0,1200000.0,1000000.0,1000000.0,925000.0,925000.0,900000.0,894166.0
EDM,2021,12500000.0,8500000.0,6000000.0,5750000.0,5600000.0,4500000.0,4166666.0,4000000.0,3750000.0,3200000.0,2150000.0,2000000.0,1650000.0,1500000.0,1500000.0,1200000.0,1175000.0,1150000.0,1000000.0,975000.0,915000.0,894166.0,875000.0,863333.0,850000.0
FLA,2012,7142875.0,4500000.0,4250000.0,4125000.0,3800000.0,3500000.0,3100000.0,3083333.0,3000000.0,2750000.0,2500000.0,1700000.0,1600000.0,1200000.0,950000.0,900000.0,900000.0,900000.0,875000.0,851625.0,837500.0,825000.0,800000.0,791667.0,787500.0
FLA,2013,7142875.0,4500000.0,4400000.0,4125000.0,4000000.0,3500000.0,3100000.0,3000000.0,2500000.0,1725000.0,1700000.0,1600000.0,1200000.0,1100000.0,937500.0,900000.0,900000.0,900000.0,894167.0,875000.0,870000.0,851625.0,825000.0,800000.0,795000.0
FLA,2014,7142875.0,5333333.0,4500000.0,4400000.0,4125000.0,3500000.0,3000000.0,2750000.0,2500000.0,2500000.0,1750000.0,1700000.0,1200000.0,1200000.0,1100000.0,1000000.0,925000.0,900000.0,900000.0,900000.0,900000.0,900000.0,900000.0,900000.0,894167.0
FLA,2015,7142875.0,5500000.0,5333333.0,4500000.0,4333333.0,4250000.0,4000000.0,3500000.0,3500000.0,3000000.0,2750000.0,2625000.0,2500000.0,1300000.0,1200000.0,1050000.0,925000.0,925000.0,925000.0,925000.0,925000.0,900000.0,900000.0,894167.0,795000.0
FLA,2016,7142875.0,5500000.0,5333333.0,4500000.0,4333333.0,4250000.0,4100000.0,4000000.0,4000000.0,3500000.0,3425000.0,3250000.0,2500000.0,2400000.0,1300000.0,1200000.0,1050000.0,1050000.0,925000.0,925000.0,925000.0,925000.0,925000.0,858750.0,850500.0
FLA,2017,6350000.0,5900000.0,5333333.0,4750000.0,4500000.0,4100000.0,4000000.0,4000000.0,3425000.0,3400000.0,3250000.0,2600000.0,2400000.0,1450000.0,1300000.0,1125000.0,1050000.0,950000.0,925000.0,925000.0,925000.0,894167.0,858750.0,800000.0,750000.0
FLA,2018,7500000.0,6350000.0,5900000.0,5900000.0,5333333.0,4750000.0,4100000.0,4000000.0,3400000.0,3333333.0,2733333.0,2500000.0,1850000.0,1375000.0,950000.0,925000.0,925000.0,925000.0,925000.0,925000.0,894167.0,825000.0,809167.0,792500.0,757500.0
FLA,2019,7500000.0,6350000.0,5900000.0,5900000.0,5333333.0,5187500.0,5000000.0,4875000.0,4750000.0,4100000.0,4000000.0,3400000.0,3333333.0,2733333.0,2100000.0,1950000.0,1375000.0,1300000.0,1250000.0,1200000.0,1000000.0,925000.0,925000.0,925000.0,925000.0
FLA,2020,10000000.0,7500000.0,6350000.0,5900000.0,5900000.0,5500000.0,5187500.0,4875000.0,4750000.0,4000000.0,3500000.0,2750000.0,2733333.0,2533333.0,1666667.0,1600000.0,1200000.0,940000.0,925000.0,925000.0,874125.0,850000.0,775000.0,773333.0,753333.0
FLA,2021,10000000.0,7500000.0,6350000.0,5900000.0,5900000.0,5500000.0,5300000.0,4900000.0,4500000.0,3850000.0,3500000.0,3250000.0,2700000.0,2550000.0,2533333.0,2500000.0,2250000.0,1700000.0,1666667.0,1000000.0,1000000.0,1000000.0,950000.0,925000.0,925000.0
LAK,2012,7000000.0,6800000.0,5750000.0,5272727.0,4357143.0,4250000.0,3825000.0,3600000.0,3500000.0,3500000.0,3400000.0,3175000.0,2950000.0,1800000.0,1250000.0,1175000.0,825000.0,762500.0,737500.0,725000.0,710000.0,616667.0,604167.0,600000.0,566667.0
LAK,2013,7000000.0,6800000.0,5750000.0,5272727.0,4020000.0,3825000.0,3500000.0,3400000.0,3250000.0,3250000.0,3175000.0,2950000.0,1800000.0,1250000.0,1175000.0,825000.0,762500.0,750000.0,737500.0,735833.0,725000.0,716667.0,710000.0,700000.0,616667.0
LAK,2014,7500000.0,7000000.0,6800000.0,5800000.0,5750000.0,5272727.0,4166666.0,3825000.0,3500000.0,3250000.0,3175000.0,3000000.0,2950000.0,1325000.0,1100000.0,1075000.0,1000000.0,875000.0,825000.0,825000.0,790000.0,750000.0,735833.0,716667.0,700000.0
LAK,2015,7000000.0,6800000.0,5875000.0,5800000.0,5750000.0,5272727.0,4875000.0,4166666.0,3825000.0,3250000.0,3000000.0,2750000.0,2500000.0,1950000.0,1525000.0,1100000.0,1075000.0,1000000.0,925000.0,850000.0,735833.0,716667.0,700000.0,650000.0,550000.0
LAK,2016,7000000.0,6800000.0,6000000.0,5875000.0,5800000.0,5272727.0,4875000.0,4500000.0,4400000.0,4000000.0,4000000.0,3600000.0,3375000.0,3250000.0,2500000.0,1950000.0,1600000.0,1525000.0,1500000.0,1400000.0,1250000.0,950000.0,863333.0,850000.0,786667.0
LAK,2017,10000000.0,7000000.0,5950000.0,5875000.0,5800000.0,5333333.0,5272727.0,4875000.0,4000000.0,4000000.0,3250000.0,2500000.0,2000000.0,1950000.0,1700000.0,1600000.0,1600000.0,1400000.0,1400000.0,950000.0,925000.0,900000.0,894167.0,808750.0,667500.0
LAK,2018,10000000.0,7000000.0,7000000.0,5875000.0,5800000.0,5272727.0,4875000.0,4600000.0,4000000.0,4000000.0,3750000.0,2225000.0,2000000.0,1650000.0,1600000.0,1200000.0,1100000.0,1000000.0,925000.0,925000.0,925000.0,925000.0,894167.0,874125.0,850000.0
LAK,2019,10000000.0,7000000.0,7000000.0,6250000.0,5875000.0,5800000.0,5272727.0,4600000.0,4000000.0,4000000.0,4000000.0,3750000.0,2525000.0,2000000.0,1650000.0,1600000.0,1025000.0,925000.0,925000.0,925000.0,925000.0,925000.0,894167.0,863333.0,833750.0
LAK,2020,11000000.0,10000000.0,6250000.0,5875000.0,5800000.0,5272727.0,4600000.0,4000000.0,2525000.0,2425000.0,2000000.0,2000000.0,1900000.0,1600000.0,1500000.0,925000.0,925000.0,925000.0,925000.0,925000.0,894167.0,825000.0,775000.0,761666.0,759167.0
LAK,2021,11000000.0,10000000.0,5875000.0,5800000.0,5272727.0,4083333.0,2650000.0,2425000.0,2000000.0,1550000.0,1200000.0,1133333.0,925000.0,925000.0,925000.0,925000.0,900000.0,894167.0,894167.0,894166.0,875000.0,863333.0,775000.0,761666.0,747500.0
MIN,2012,7500000.0,6750000.0,6000000.0,4080000.0,4000000.0,4000000.0,3500000.0,3500000.0,3000000.0,2500000.0,1933333.0,1800000.0,1400000.0,1150000.0,1066667.0,1000000.0,925000.0,850500.0,845833.0,810000.0,771667.0,750000.0,715000.0,706667.0,643333.0
MIN,2013,7538462.0,7538462.0,7500000.0,6750000.0,6000000.0,5300000.0,4080000.0,4000000.0,3500000.0,3000000.0,2833333.0,1900000.0,1900000.0,1400000.0,1333333.0,1066667.0,1050000.0,925000.0,900000.0,900000.0,900000.0,825000.0,825000.0,776667.0,771667.0
MIN,2014,7538462.0,7538462.0,7500000.0,6750000.0,5300000.0,3416666.0,3133333.0,2833333.0,2666667.0,2500000.0,2000000.0,1900000.0,1900000.0,1500000.0,1333333.0,1200000.0,1050000.0,1025000.0,925000.0,925000.0,900000.0,900000.0,900000.0,894167.0,870000.0
MIN,2015,7538462.0,7538462.0,6750000.0,6500000.0,5600000.0,4150000.0,3416666.0,2833333.0,2750000.0,2666667.0,2666667.0,2500000.0,2250000.0,1500000.0,1250000.0,1025000.0,1000000.0,925000.0,925000.0,900250.0,900000.0,900000.0,900000.0,894167.0,800000.0
MIN,2016,7538462.0,7538462.0,6750000.0,6500000.0,5600000.0,4333333.0,4166667.0,4000000.0,4000000.0,3200000.0,3000000.0,2666667.0,2666667.0,1250000.0,1000000.0,1000000.0,925000.0,900250.0,894167.0,800000.0,795000.0,775833.0,747500.0,725000.0,675000.0
MIN,2017,7538462.0,7538462.0,6750000.0,5600000.0,5187500.0,4333333.0,4166667.0,4000000.0,3500000.0,3200000.0,3100000.0,3000000.0,2666667.0,2550000.0,2000000.0,1550000.0,1150000.0,1000000.0,1000000.0,925000.0,925000.0,894166.0,812500.0,795000.0,775833.0
MIN,2018,7538462.0,7538462.0,6750000.0,5750000.0,5250000.0,5187500.0,4600000.0,4333333.0,4166667.0,3500000.0,3200000.0,2875000.0,2550000.0,2000000.0,1250000.0,1150000.0,1000000.0,925000.0,925000.0,925000.0,916666.0,894166.0,792500.0,775833.0,725000.0
MIN,2019,7538462.0,7538462.0,6000000.0,5750000.0,5500000.0,5500000.0,5250000.0,5187500.0,4333333.0,4273500.0,4166667.0,4000000.0,3500000.0,3200000.0,2875000.0,2250000.0,1000000.0,925000.0,925000.0,916666.0,900000.0,894167.0,863333.0,725000.0,700000.0
MIN,2020,7538462.0,7538462.0,6000000.0,6000000.0,5500000.0,5500000.0,5187500.0,4900000.0,4333333.0,4166667.0,4000000.0,3250000.0,3000000.0,2875000.0,2250000.0,1900000.0,1900000.0,1487500.0,925000.0,916666.0,874125.0,785000.0,767500.0,750000.0,725000.0
MIN,2021,7575000.0,7538462.0,7538462.0,6000000.0,6000000.0,4500000.0,4250000.0,4166667.0,4100000.0,4100000.0,4000000.0,3666667.0,3000000.0,2875000.0,2750000.0,2250000.0,2100000.0,1900000.0,1487500.0,925000.0,795000.0,725000.0,725000.0,700000.0,700000.0
MTL,2012,7357143.0,6000000.0,5750000.0,5000000.0,5000000.0,4500000.0,4250000.0,3833333.0,3333333.0,3250000.0,2750000.0,2500000.0,2250000.0,1750000.0,1625000.0,1500000.0,1150000.0,984200.0,900000.0,875000.0,870000.0,850000.0,850000.0,850000.0,845833.0
MTL,2013,6500000.0,5750000.0,5000000.0,5000000.0,4500000.0,4250000.0,3900000.0,3500000.0,3333333.0,3109375.0,2500000.0,2000000.0,1850000.0,1625000.0,1500000.0,1225000.0,1150000.0,1150000.0,1000000.0,925000.0,925000.0,870000.0,850000.0,850000.0,700000.0
MTL,2014,7142857.0,6500000.0,5750000.0,5000000.0,5000000.0,4500000.0,4000000.0,3900000.0,3500000.0,3333333.0,2763889.0,2500000.0,2000000.0,1850000.0,1500000.0,1500000.0,1400000.0,1225000.0,1150000.0,1100000.0,937500.0,925000.0,925000.0,870000.0,870000.0
MTL,2015,9000000.0,6500000.0,5750000.0,5000000.0,5000000.0,4500000.0,4100000.0,4000000.0,3500000.0,3500000.0,3500000.0,3333333.0,3075000.0,2800000.0,2500000.0,1900000.0,1850000.0,1750000.0,1025000.0,925000.0,925000.0,925000.0,925000.0,870000.0,850000.0
MTL,2016,9000000.0,6500000.0,5750000.0,5500000.0,5000000.0,4500000.0,4100000.0,3750000.0,3500000.0,3500000.0,2800000.0,2800000.0,2300000.0,1200000.0,1200000.0,1100000.0,1025000.0,1000000.0,950000.0,925000.0,925000.0,900000.0,863333.0,863333.0,850500.0
MTL,2017,7857143.0,6500000.0,6000000.0,5750000.0,5750000.0,5500000.0,4500000.0,4100000.0,3900000.0,3750000.0,3500000.0,2800000.0,1950000.0,1425000.0,1200000.0,1166667.0,1100000.0,1000000.0,950000.0,950000.0,925000.0,925000.0,925000.0,912500.0,863333.0
MTL,2018,7857143.0,6500000.0,6000000.0,5500000.0,5500000.0,4900000.0,4625000.0,4500000.0,3900000.0,3750000.0,2100000.0,1425000.0,1200000.0,1166667.0,1100000.0,1062500.0,1000000.0,912500.0,863333.0,863333.0,863333.0,863333.0,839166.0,778333.0,775000.0
MTL,2019,10500000.0,7857143.0,5500000.0,5500000.0,5300000.0,4625000.0,3900000.0,3750000.0,3150000.0,3083333.0,2350000.0,2250000.0,2100000.0,1850000.0,1750000.0,1650000.0,1300000.0,1166667.0,1100000.0,950000.0,950000.0,925000.0,925000.0,900000.0,863333.0
MTL,2020,10500000.0,7857143.0,6250000.0,5500000.0,5500000.0,5300000.0,4625000.0,4000000.0,3750000.0,3500000.0,3400000.0,3150000.0,3083333.0,2600000.0,2400000.0,2350000.0,1850000.0,1750000.0,1500000.0,1400000.0,1300000.0,1000000.0,1000000.0,925000.0,925000.0
MTL,2021,10500000.0,7857143.0,5500000.0,5500000.0,5500000.0,5300000.0,4350000.0,4250000.0,3750000.0,3500000.0,3500000.0,3400000.0,3250000.0,3083333.0,3000000.0,2600000.0,2400000.0,1850000.0,925000.0,925000.0,925000.0,894167.0,880833.0,880833.0,880833.0
NJD,2012,6666666.0,6000000.0,6000000.0,5200000.0,4250000.0,4000000.0,3887500.0,3400000.0,3000000.0,2900000.0,2666667.0,1800000.0,1500000.0,1250000.0,925000.0,900000.0,875000.0,750000.0,662500.0,575000.0,563333.0,550000.0,550000.0,550000.0,542500.0
NJD,2013,6666666.0,6000000.0,4500000.0,4250000.0,4000000.0,3887500.0,3400000.0,3166667.0,3000000.0,2666667.0,1850000.0,1800000.0,1650000.0,1400000.0,1300000.0,925000.0,900000.0,875000.0,842500.0,775000.0,775000.0,750000.0,660000.0,640000.0,604167.0
NJD,2014,5750000.0,5500000.0,4850000.0,4750000.0,4500000.0,4250000.0,4000000.0,4000000.0,3500000.0,3166667.0,3100000.0,3000000.0,3000000.0,2000000.0,1300000.0,1000000.0,925000.0,840000.0,800000.0,775000.0,775000.0,725000.0,725000.0,692500.0,660000.0
NJD,2015,5750000.0,5500000.0,5000000.0,4850000.0,4750000.0,4000000.0,4000000.0,3500000.0,3500000.0,3166667.0,3100000.0,3000000.0,3000000.0,1500000.0,900000.0,900000.0,850000.0,842500.0,840000.0,800000.0,800000.0,692500.0,692500.0,605833.0,600000.0
NJD,2016,6000000.0,5750000.0,5500000.0,5000000.0,5000000.0,4750000.0,4166666.0,4000000.0,1666667.0,1575000.0,1466667.0,925000.0,925000.0,925000.0,925000.0,850000.0,850000.0,840000.0,825000.0,800000.0,800000.0,800000.0,725000.0,692500.0,680000.0
NJD,2017,6000000.0,6000000.0,5750000.0,5000000.0,5000000.0,4650000.0,4000000.0,2666667.0,1666667.0,1575000.0,1300000.0,1250000.0,1250000.0,1250000.0,1137500.0,1100000.0,925000.0,925000.0,925000.0,894167.0,842500.0,811667.0,800000.0,796429.0,792500.0
NJD,2018,6000000.0,6000000.0,5750000.0,5000000.0,4875000.0,4650000.0,4583333.0,4166666.0,4000000.0,2750000.0,2666667.0,2550000.0,2000000.0,1666667.0,1650000.0,1575000.0,1250000.0,925000.0,925000.0,925000.0,925000.0,894167.0,842500.0,811667.0,800000.0
NJD,2019,6000000.0,6000000.0,5750000.0,5000000.0,4875000.0,4650000.0,4583333.0,4166666.0,2750000.0,2666667.0,2550000.0,1800000.0,1725000.0,1416667.0,1300000.0,1250000.0,925000.0,925000.0,925000.0,925000.0,894167.0,863333.0,850000.0,811667.0,810000.0
NJD,2020,9000000.0,6000000.0,6000000.0,5750000.0,5000000.0,5000000.0,4875000.0,4650000.0,4500000.0,4166666.0,3733333.0,2750000.0,2250000.0,1800000.0,1500000.0,1400000.0,1150000.0,925000.0,925000.0,925000.0,925000.0,863333.0,863333.0,817500.0,811666.0
NJD,2021,9000000.0,7250000.0,5750000.0,4650000.0,4600000.0,4500000.0,4166666.0,3733333.0,3400000.0,2800000.0,2750000.0,2750000.0,2250000.0,2000000.0,1500000.0,1150000.0,1000000.0,925000.0,925000.0,912500.0,894167.0,874125.0,863333.0,863333.0,811666.0
NSH,2012,7500000.0,4500000.0,4500000.0,4200000.0,3500000.0,3400000.0,3250000.0,3083333.0,2500000.0,2300000.0,2250000.0,1350000.0,1350000.0,1250000.0,1050000.0,1050000.0,900000.0,875000.0,875000.0,850000.0,840000.0,816667.0,800000.0,715000.0,712500.0
NSH,2013,7857143.0,7000000.0,4500000.0,4500000.0,4200000.0,3250000.0,3083333.0,3000000.0,2000000.0,2000000.0,1350000.0,1250000.0,1050000.0,1000000.0,925000.0,900000.0,900000.0,900000.0,875000.0,840000.0,715000.0,712500.0,660000.0,650000.0,625000.0
NSH,2014,7857143.0,7000000.0,4500000.0,4250000.0,4200000.0,4000000.0,3500000.0,3500000.0,3250000.0,3000000.0,2900000.0,2550000.0,2500000.0,2000000.0,2000000.0,1850000.0,1500000.0,1200000.0,925000.0,900000.0,894167.0,840000.0,780833.0,775000.0,715000.0
NSH,2015,7857143.0,7000000.0,5000000.0,4200000.0,4000000.0,3500000.0,3300000.0,3250000.0,3000000.0,2500000.0,2500000.0,2500000.0,2000000.0,2000000.0,1500000.0,1050000.0,1037500.0,1000000.0,1000000.0,925000.0,925000.0,894167.0,850000.0,780833.0,775000.0
NSH,2016,7857143.0,7000000.0,5000000.0,4400000.0,4250000.0,4000000.0,4000000.0,3937500.0,3500000.0,3250000.0,2500000.0,2500000.0,2000000.0,1050000.0,1037500.0,925000.0,894167.0,894167.0,866250.0,780833.0,780833.0,735000.0,735000.0,725000.0,692500.0
NSH,2017,9000000.0,7000000.0,6000000.0,5000000.0,4400000.0,4250000.0,4000000.0,4000000.0,3937500.0,3750000.0,3500000.0,2500000.0,2000000.0,1333333.0,1250000.0,1250000.0,863333.0,833333.0,780833.0,715000.0,692500.0,668333.0,650000.0,631667.0,625000.0
NSH,2018,9000000.0,8000000.0,7000000.0,6000000.0,4250000.0,4250000.0,4100000.0,4100000.0,4000000.0,3750000.0,3500000.0,2500000.0,2000000.0,1333333.0,1100000.0,1000000.0,1000000.0,925000.0,863333.0,863333.0,728333.0,692500.0,666666.0,650000.0,650000.0
NSH,2019,9000000.0,8000000.0,7000000.0,6000000.0,6000000.0,5750000.0,4250000.0,4250000.0,4100000.0,4000000.0,3975000.0,3750000.0,2550000.0,2500000.0,2000000.0,1500000.0,1250000.0,1100000.0,925000.0,925000.0,894166.0,875000.0,863333.0,750000.0,750000.0
NSH,2020,8000000.0,8000000.0,6250000.0,6000000.0,6000000.0,5750000.0,5000000.0,4250000.0,4250000.0,4100000.0,4000000.0,3750000.0,2857143.0,2000000.0,1500000.0,1416667.0,1250000.0,1100000.0,1000000.0,925000.0,850000.0,750000.0,730833.0,730000.0,700000.0
NSH,2021,9059000.0,8000000.0,8000000.0,6250000.0,6000000.0,5000000.0,4250000.0,4000000.0,3750000.0,3750000.0,2857143.0,2300000.0,2000000.0,2000000.0,2000000.0,1750000.0,1500000.0,1500000.0,1000000.0,1000000.0,925000.0,925000.0,925000.0,894166.0,874125.0
NYI,2012,5062500.0,4500000.0,4100000.0,3133333.0,3000000.0,2800000.0,2500000.0,1600000.0,1350000.0,1250000.0,1050000.0,900000.0,900000.0,875000.0,875000.0,870000.0,870000.0,803250.0,793333.0,791667.0,637500.0,635250.0,631667.0,604167.0,601000.0
NYI,2013,5600000.0,5500000.0,4500000.0,4100000.0,3133333.0,3000000.0,2800000.0,2750000.0,1500000.0,1350000.0,1050000.0,1000000.0,1000000.0,900000.0,900000.0,875000.0,793333.0,700000.0,700000.0,637500.0,605000.0,604167.0,600000.0,600000.0,550000.0
NYI,2014,7142857.0,5500000.0,4750000.0,3857143.0,3300000.0,3133333.0,3000000.0,2800000.0,2750000.0,2750000.0,2000000.0,1500000.0,1000000.0,925000.0,925000.0,900000.0,900000.0,900000.0,875000.0,870000.0,864167.0,863333.0,793333.0,791667.0,775000.0
NYI,2015,5500000.0,5000000.0,4750000.0,4500000.0,4187500.0,3857143.0,3366667.0,3300000.0,3000000.0,2800000.0,2750000.0,2750000.0,2700000.0,2400000.0,2350000.0,1966667.0,1300000.0,1000000.0,1000000.0,925000.0,900000.0,863333.0,863333.0,850500.0,826875.0
NYI,2016,6000000.0,5500000.0,5500000.0,5000000.0,4500000.0,4187500.0,3857143.0,3750000.0,3300000.0,2800000.0,2750000.0,2750000.0,2500000.0,2200000.0,1966667.0,1500000.0,1500000.0,1000000.0,1000000.0,925000.0,875000.0,863333.0,863333.0,854333.0,775000.0
NYI,2017,6000000.0,5500000.0,5500000.0,5500000.0,4500000.0,4187500.0,3857143.0,3750000.0,3350000.0,3300000.0,2750000.0,2500000.0,2500000.0,2250000.0,2200000.0,1966667.0,1500000.0,1000000.0,894167.0,894167.0,863333.0,863333.0,854333.0,850000.0,800000.0
NYI,2018,6000000.0,6000000.0,5500000.0,5500000.0,5500000.0,4500000.0,4187500.0,3750000.0,3500000.0,3350000.0,3333333.0,3300000.0,3300000.0,2500000.0,2250000.0,2200000.0,1600000.0,1425000.0,1250000.0,925000.0,894167.0,863333.0,863333.0,863333.0,863333.0
NYI,2019,6000000.0,6000000.0,5500000.0,5500000.0,5000000.0,4250000.0,3750000.0,3500000.0,3350000.0,3333333.0,3000000.0,2750000.0,2500000.0,2500000.0,2000000.0,1600000.0,1500000.0,1500000.0,1450000.0,1000000.0,894167.0,863333.0,863333.0,863333.0,700000.0
NYI,2020,7000000.0,6000000.0,6000000.0,5500000.0,5500000.0,5500000.0,5000000.0,5000000.0,5000000.0,3500000.0,3350000.0,3333333.0,3100000.0,3000000.0,2500000.0,2100000.0,2000000.0,1600000.0,1450000.0,1200000.0,1000000.0,925000.0,894167.0,894166.0,863333.0
NYI,2021,8460250.0,7000000.0,7000000.0,6000000.0,5750000.0,5500000.0,5500000.0,5000000.0,5000000.0,5000000.0,5000000.0,4650000.0,3500000.0,3350000.0,3000000.0,2500000.0,2100000.0,2000000.0,1700000.0,1600000.0,1500000.0,1450000.0,1000000.0,894167.0,894167.0
NYR,2012,7500000.0,6875000.0,6666666.0,4275000.0,4200000.0,3975000.0,3875000.0,3800000.0,3325000.0,1875000.0,1700000.0,1333333.0,1250000.0,925000.0,900000.0,900000.0,900000.0,875000.0,875000.0,875000.0,820833.0,800000.0,800000.0,800000.0,650000.0
NYR,2013,7800000.0,7500000.0,6875000.0,6666666.0,4275000.0,3975000.0,3625000.0,3325000.0,3200000.0,2550000.0,1700000.0,1700000.0,1633333.0,1333333.0,1300000.0,1066667.0,894167.0,875000.0,840000.0,820833.0,808333.0,800000.0,750000.0,750000.0,700000.0
NYR,2014,7800000.0,6875000.0,6666666.0,5625000.0,4700000.0,4275000.0,3975000.0,3325000.0,3200000.0,3075000.0,2900000.0,2550000.0,2250000.0,1700000.0,1700000.0,1633333.0,1300000.0,1300000.0,1225000.0,1150000.0,1066667.0,1000000.0,975000.0,925000.0,894167.0
NYR,2015,8500000.0,7800000.0,5625000.0,5500000.0,5250000.0,5000000.0,4700000.0,4500000.0,3975000.0,3500000.0,3075000.0,2900000.0,2475000.0,2250000.0,1500000.0,1450000.0,1300000.0,925000.0,900000.0,900000.0,894167.0,850500.0,805000.0,772500.0,703333.0
NYR,2016,8500000.0,8250000.0,7800000.0,6500000.0,5700000.0,5500000.0,5250000.0,5000000.0,4700000.0,4500000.0,4500000.0,2900000.0,2475000.0,1500000.0,1450000.0,1100000.0,950000.0,925000.0,900000.0,874000.0,850500.0,800000.0,750000.0,700000.0,650000.0
NYR,2017,8500000.0,7800000.0,6500000.0,5700000.0,5500000.0,4700000.0,4625000.0,4500000.0,2900000.0,2750000.0,2750000.0,2625000.0,2600000.0,1650000.0,1650000.0,1450000.0,1100000.0,1000000.0,950000.0,925000.0,925000.0,925000.0,900000.0,800000.0,755000.0
NYR,2018,8500000.0,7800000.0,6650000.0,5700000.0,5350000.0,4700000.0,4625000.0,4500000.0,4350000.0,3800000.0,2825000.0,2750000.0,2600000.0,1937500.0,1850000.0,1650000.0,1650000.0,1333333.0,1300000.0,1000000.0,925000.0,925000.0,925000.0,925000.0,925000.0
NYR,2019,8500000.0,6650000.0,5700000.0,5350000.0,5250000.0,5175000.0,4625000.0,4500000.0,4350000.0,4000000.0,4000000.0,3800000.0,3100000.0,2750000.0,2275000.0,1850000.0,925000.0,925000.0,925000.0,925000.0,894166.0,894166.0,863333.0,863333.0,839167.0
NYR,2020,11642857.0,8500000.0,8000000.0,5700000.0,5350000.0,5250000.0,4625000.0,4350000.0,4000000.0,3250000.0,3100000.0,1850000.0,925000.0,925000.0,925000.0,925000.0,925000.0,925000.0,894166.0,894166.0,863333.0,863333.0,833333.0,792500.0,750000.0
NYR,2021,11642857.0,8000000.0,6500000.0,5350000.0,4800000.0,4500000.0,4350000.0,3250000.0,2425000.0,1550000.0,1150000.0,925000.0,925000.0,925000.0,925000.0,925000.0,925000.0,925000.0,925000.0,925000.0,925000.0,925000.0,894166.0,863333.0,863333.0
OTT,2012,7000000.0,5500000.0,4875000.0,4333333.0,3700000.0,3187500.0,3083333.0,2000000.0,1400000.0,1200000.0,1050000.0,1000000.0,1000000.0,925000.0,900000.0,900000.0,875000.0,875000.0,870000.0,870000.0,863333.0,845833.0,816666.0,750000.0,730000.0
OTT,2013,7000000.0,6500000.0,5500000.0,4875000.0,4333333.0,3187500.0,3083333.0,3000000.0,2000000.0,1400000.0,1250000.0,1150000.0,894167.0,875000.0,871250.0,870000.0,870000.0,863333.0,816666.0,800000.0,800000.0,700000.0,650000.0,650000.0,637500.0
OTT,2014,7000000.0,6500000.0,5100000.0,5000000.0,4333333.0,3500000.0,3250000.0,3187500.0,3100000.0,3083333.0,3000000.0,2000000.0,1900000.0,1887500.0,1250000.0,900000.0,894167.0,894167.0,871250.0,870000.0,825000.0,816666.0,720000.0,660000.0,613333.0
OTT,2015,6500000.0,5100000.0,4000000.0,3500000.0,3250000.0,3187500.0,3100000.0,3000000.0,3000000.0,2650000.0,2500000.0,2225000.0,2000000.0,1900000.0,1887500.0,1250000.0,1250000.0,894167.0,894167.0,894167.0,876667.0,866667.0,863333.0,755000.0,750000.0
OTT,2016,7250000.0,7000000.0,6500000.0,4900000.0,4650000.0,4200000.0,4000000.0,3500000.0,3500000.0,3100000.0,2650000.0,2625000.0,2000000.0,2000000.0,1900000.0,1887500.0,1350000.0,1200000.0,1100000.0,925000.0,925000.0,900000.0,894167.0,894167.0,863333.0
OTT,2017,7250000.0,7000000.0,6500000.0,5187500.0,5000000.0,4900000.0,4650000.0,4500000.0,4200000.0,3500000.0,3500000.0,2800000.0,2475000.0,1887500.0,1500000.0,1500000.0,1350000.0,1100000.0,925000.0,900000.0,900000.0,900000.0,900000.0,894167.0,894167.0
OTT,2018,7250000.0,7000000.0,6500000.0,6000000.0,5187500.0,5000000.0,4875000.0,4200000.0,3500000.0,3500000.0,3250000.0,3100000.0,2800000.0,2500000.0,2400000.0,1800000.0,1650000.0,1100000.0,1100000.0,1000000.0,925000.0,925000.0,925000.0,894166.0,863333.0
OTT,2019,7350000.0,7250000.0,6000000.0,4750000.0,4300000.0,4000000.0,3250000.0,3100000.0,2937500.0,2500000.0,2400000.0,1800000.0,1700000.0,1200000.0,1100000.0,1000000.0,1000000.0,925000.0,925000.0,925000.0,925000.0,925000.0,900000.0,900000.0,894167.0
OTT,2020,7250000.0,4750000.0,4750000.0,4550000.0,4500000.0,4000000.0,4000000.0,3500000.0,3100000.0,2937500.0,2600000.0,2100000.0,1650000.0,1500000.0,1300000.0,1200000.0,925000.0,925000.0,925000.0,900000.0,900000.0,874125.0,863333.0,863333.0,863333.0
OTT,2021,8000000.0,6500000.0,6250000.0,5000000.0,4750000.0,4550000.0,4500000.0,4000000.0,3600000.0,3500000.0,3375000.0,1700000.0,1650000.0,1500000.0,1500000.0,1350000.0,1050000.0,925000.0,925000.0,925000.0,925000.0,925000.0,900000.0,863333.0,863333.0
PHI,2012,6500000.0,6333333.0,5666667.0,4935714.0,4200000.0,4000000.0,3850000.0,3750000.0,3300000.0,3200000.0,2250000.0,1800000.0,1750000.0,1700000.0,1625000.0,1100000.0,925000.0,900000.0,900000.0,875000.0,870000.0,775000.0,737500.0,715000.0,666667.0
PHI,2013,6500000.0,6333333.0,5666667.0,4500000.0,4250000.0,4200000.0,4000000.0,3750000.0,3600000.0,3500000.0,3500000.0,2900000.0,1800000.0,1750000.0,1100000.0,950000.0,925000.0,925000.0,900000.0,900000.0,870000.0,825000.0,775000.0,750000.0,737500.0
PHI,2014,6000000.0,5250000.0,4750000.0,4500000.0,4500000.0,4250000.0,4000000.0,3975000.0,3750000.0,3600000.0,3500000.0,2650000.0,1800000.0,1650000.0,1500000.0,925000.0,900000.0,870000.0,792500.0,775000.0,750000.0,715000.0,700000.0,675000.0,600000.0
PHI,2015,8275000.0,5250000.0,5000000.0,4600000.0,4500000.0,4500000.0,4250000.0,4100000.0,3975000.0,3625000.0,3600000.0,3500000.0,2500000.0,1750000.0,1300000.0,1250000.0,1100000.0,1000000.0,925000.0,925000.0,863333.0,842500.0,781667.0,750000.0,700000.0
PHI,2016,8275000.0,5250000.0,5000000.0,4800000.0,4600000.0,4500000.0,4250000.0,4100000.0,3975000.0,3875000.0,3625000.0,3600000.0,2500000.0,2250000.0,1750000.0,1625000.0,1100000.0,991667.0,925000.0,863333.0,842500.0,800000.0,779617.0,712500.0,712500.0
PHI,2017,8275000.0,8250000.0,5250000.0,5125000.0,5000000.0,5000000.0,4333333.0,4100000.0,3975000.0,3875000.0,3625000.0,3350000.0,2350000.0,2350000.0,2250000.0,1625000.0,975000.0,950000.0,925000.0,925000.0,894167.0,894167.0,894167.0,863333.0,863333.0
PHI,2018,8275000.0,8250000.0,5000000.0,5000000.0,4700000.0,4500000.0,4333333.0,4000000.0,3975000.0,3625000.0,3350000.0,2750000.0,2500000.0,2350000.0,2350000.0,1750000.0,1000000.0,975000.0,962500.0,925000.0,925000.0,894167.0,894167.0,894167.0,874125.0
PHI,2019,8275000.0,8250000.0,7000000.0,5000000.0,4700000.0,4500000.0,4333333.0,4166666.0,3975000.0,3350000.0,2750000.0,2500000.0,2350000.0,2350000.0,1750000.0,1150000.0,962500.0,925000.0,925000.0,894167.0,894167.0,875000.0,863333.0,800000.0,800000.0
PHI,2020,8275000.0,8250000.0,7142857.0,7000000.0,6750000.0,5750000.0,5500000.0,4500000.0,4333333.0,3800000.0,3250000.0,2300000.0,2000000.0,1600000.0,1150000.0,1000000.0,1000000.0,925000.0,925000.0,894166.0,863333.0,784167.0,775833.0,768333.0,753757.0
PHI,2021,8275000.0,8250000.0,7142857.0,7000000.0,6750000.0,5500000.0,4500000.0,4333333.0,3250000.0,3000000.0,3000000.0,2550000.0,2300000.0,1800000.0,1600000.0,1600000.0,1500000.0,1075000.0,925000.0,925000.0,925000.0,925000.0,874125.0,863333.0,775833.0
PIT,2012,8700000.0,8700000.0,5000000.0,5000000.0,4000000.0,4000000.0,3750000.0,3725000.0,3500000.0,2875000.0,2000000.0,1800000.0,1500000.0,1500000.0,1500000.0,1050000.0,840000.0,708333.0,675000.0,625000.0,601667.0,600000.0,600000.0,600000.0,597500.0
PIT,2013,8700000.0,8700000.0,7000000.0,5000000.0,5000000.0,5000000.0,4100000.0,3750000.0,3725000.0,3500000.0,3000000.0,2500000.0,2300000.0,2066667.0,2000000.0,2000000.0,1800000.0,1500000.0,1100000.0,900000.0,840000.0,726000.0,675000.0,625000.0,600000.0
PIT,2014,8700000.0,8700000.0,5000000.0,5000000.0,5000000.0,3750000.0,3750000.0,3725000.0,3500000.0,3375000.0,3000000.0,2500000.0,2300000.0,2066667.0,1700000.0,1100000.0,925000.0,900000.0,894167.0,840000.0,831667.0,700000.0,626666.0,625000.0,623333.0
PIT,2015,9500000.0,8700000.0,7250000.0,5000000.0,5000000.0,4250000.0,4000000.0,3850000.0,3812500.0,3750000.0,3375000.0,3300000.0,2200000.0,1300000.0,1200000.0,1100000.0,1100000.0,1000000.0,1000000.0,900000.0,900000.0,894167.0,874125.0,863333.0,831667.0
PIT,2016,9500000.0,8700000.0,8000000.0,7250000.0,5750000.0,4250000.0,4000000.0,3900000.0,3850000.0,3812500.0,3750000.0,3375000.0,3300000.0,2100000.0,2000000.0,1900000.0,1100000.0,925000.0,894167.0,863333.0,800000.0,800000.0,800000.0,761250.0,700833.0
PIT,2017,9500000.0,8700000.0,8000000.0,7250000.0,5750000.0,5250000.0,4250000.0,4083333.0,4000000.0,3850000.0,3300000.0,2833333.0,2100000.0,2000000.0,1900000.0,1400000.0,1000000.0,863333.0,800000.0,734167.0,700833.0,692500.0,667500.0,659167.0,640000.0
PIT,2018,9500000.0,8700000.0,8000000.0,7250000.0,5500000.0,5000000.0,4250000.0,4100000.0,4083333.0,4000000.0,3750000.0,3000000.0,2250000.0,2100000.0,2075000.0,1125000.0,964688.0,925000.0,775000.0,734167.0,700000.0,692500.0,692500.0,675000.0,675000.0
PIT,2019,9500000.0,8700000.0,8000000.0,7250000.0,5500000.0,5300000.0,5000000.0,4100000.0,4100000.0,4083333.0,4000000.0,4000000.0,3750000.0,3750000.0,3500000.0,3250000.0,2137500.0,2100000.0,1250000.0,925000.0,925000.0,925000.0,794167.0,750000.0,750000.0
PIT,2020,9500000.0,8700000.0,7250000.0,6000000.0,5500000.0,5500000.0,5300000.0,4900000.0,4100000.0,4100000.0,4000000.0,3750000.0,3500000.0,3500000.0,3250000.0,3000000.0,2000000.0,1250000.0,1000000.0,925000.0,925000.0,874125.0,850000.0,833750.0,767500.0
PIT,2021,9500000.0,8700000.0,7250000.0,6000000.0,5500000.0,5272727.0,4875000.0,4100000.0,4025175.0,3500000.0,3500000.0,3500000.0,3200000.0,2940000.0,1250000.0,1250000.0,1200000.0,1150000.0,1000000.0,925000.0,863333.0,792500.0,750000.0,750000.0,725000.0
SJS,2012,7000000.0,6900000.0,6666666.0,4250000.0,4000000.0,3800000.0,3625000.0,3550000.0,3100000.0,2500000.0,2500000.0,1366667.0,1250000.0,1100000.0,1000000.0,1000000.0,950000.0,816667.0,725000.0,700000.0,687500.0,680000.0,662500.0,605000.0,587500.0
SJS,2013,7357143.0,7000000.0,6900000.0,6666666.0,5760000.0,4250000.0,4000000.0,3800000.0,3625000.0,3600000.0,3100000.0,2875000.0,2500000.0,2500000.0,1850000.0,1750000.0,1250000.0,1250000.0,1000000.0,950000.0,925000.0,825000.0,775000.0,700000.0,687500.0
SJS,2014,7000000.0,6900000.0,6666666.0,5760000.0,4250000.0,4250000.0,4000000.0,3800000.0,3600000.0,2875000.0,2350000.0,2000000.0,1850000.0,1500000.0,1250000.0,1000000.0,1000000.0,925000.0,830000.0,775000.0,759167.0,750000.0,736667.0,655000.0,626667.0
SJS,2015,6750000.0,6666667.0,6000000.0,6000000.0,5760000.0,4250000.0,3800000.0,3400000.0,2475000.0,2350000.0,1850000.0,1600000.0,1500000.0,1300000.0,1250000.0,1250000.0,1200000.0,1000000.0,1000000.0,925000.0,894167.0,825000.0,759167.0,750000.0,711667.0
SJS,2016,6750000.0,6666667.0,6000000.0,6000000.0,5760000.0,4850000.0,4250000.0,3800000.0,3275000.0,3270000.0,3000000.0,2750000.0,2475000.0,2300000.0,2200000.0,1650000.0,1600000.0,1500000.0,1200000.0,925000.0,925000.0,925000.0,894167.0,894167.0,759167.0
SJS,2017,6750000.0,6666667.0,6000000.0,6000000.0,5760000.0,4850000.0,4250000.0,4000000.0,3800000.0,3275000.0,3270000.0,3000000.0,3000000.0,2500000.0,2475000.0,2100000.0,1650000.0,925000.0,925000.0,894167.0,894167.0,863333.0,858750.0,775000.0,735000.0
SJS,2018,8000000.0,8000000.0,6000000.0,6000000.0,5250000.0,4850000.0,4250000.0,4000000.0,3800000.0,3275000.0,3270000.0,3000000.0,3000000.0,2500000.0,2000000.0,2000000.0,1900000.0,925000.0,894167.0,858750.0,735000.0,717500.0,700000.0,650000.0,650000.0
SJS,2019,8000000.0,7000000.0,7000000.0,6500000.0,6000000.0,6000000.0,5750000.0,5625000.0,5000000.0,4750000.0,3800000.0,3270000.0,2000000.0,1900000.0,1900000.0,925000.0,925000.0,894167.0,825000.0,750000.0,735000.0,717500.0,700000.0,675000.0,672500.0
SJS,2020,11500000.0,8000000.0,8000000.0,7000000.0,7000000.0,6000000.0,5750000.0,5625000.0,3270000.0,2000000.0,2000000.0,1900000.0,1500000.0,1000000.0,960000.0,925000.0,925000.0,925000.0,836667.0,800000.0,796667.0,768333.0,736666.0,735000.0,700000.0
SJS,2021,11500000.0,8000000.0,8000000.0,7000000.0,7000000.0,6000000.0,5750000.0,5625000.0,4725000.0,4333333.0,2250000.0,2250000.0,1900000.0,1500000.0,925000.0,925000.0,925000.0,925000.0,925000.0,925000.0,925000.0,836667.0,796667.0,792500.0,776667.0
STL,2012,4700000.0,4500000.0,3750000.0,3625000.0,3362500.0,2875000.0,2750000.0,2500000.0,2500000.0,2350000.0,2250000.0,2150000.0,2125000.0,1650000.0,1300000.0,1300000.0,1000000.0,1000000.0,875000.0,875000.0,830000.0,816667.0,816667.0,735000.0,675000.0
STL,2013,6680000.0,6500000.0,4700000.0,4500000.0,4175000.0,3812500.0,3750000.0,3362500.0,3166667.0,3000000.0,3000000.0,3000000.0,2750000.0,2250000.0,1800000.0,1650000.0,1300000.0,1300000.0,1250000.0,1000000.0,900000.0,875000.0,875000.0,830000.0,816667.0
STL,2014,6680000.0,6500000.0,6250000.0,4500000.0,4250000.0,4175000.0,4150000.0,4000000.0,3750000.0,3362500.0,3250000.0,3166667.0,2950000.0,2750000.0,2250000.0,1800000.0,1500000.0,1300000.0,1200000.0,1100000.0,900000.0,830000.0,825000.0,772500.0,772500.0
STL,2015,7000000.0,6500000.0,5800000.0,5400000.0,4500000.0,4250000.0,4175000.0,4000000.0,3700000.0,3166667.0,3150000.0,2750000.0,2600000.0,2500000.0,2500000.0,2350000.0,2250000.0,1200000.0,1200000.0,1125000.0,1100000.0,900000.0,825000.0,800000.0,772500.0
STL,2016,7500000.0,7000000.0,6500000.0,5800000.0,5400000.0,4500000.0,4250000.0,3700000.0,3666667.0,3150000.0,2750000.0,2600000.0,2500000.0,2350000.0,2350000.0,1125000.0,1050000.0,1000000.0,900000.0,894167.0,858750.0,775000.0,772500.0,742500.0,705000.0
STL,2017,7500000.0,7000000.0,6500000.0,5800000.0,5400000.0,5350000.0,4700000.0,4250000.0,3750000.0,3700000.0,2900000.0,2725000.0,2500000.0,2350000.0,1125000.0,1125000.0,1050000.0,1050000.0,1000000.0,950000.0,925000.0,900000.0,894167.0,858750.0,741667.0
STL,2018,7500000.0,7000000.0,6500000.0,5750000.0,5500000.0,5400000.0,5350000.0,5125000.0,4350000.0,3850000.0,3500000.0,2900000.0,1150000.0,1125000.0,1050000.0,1000000.0,950000.0,925000.0,925000.0,925000.0,900000.0,800000.0,800000.0,741667.0,736666.0
STL,2019,7500000.0,7500000.0,6500000.0,5750000.0,5500000.0,5400000.0,5350000.0,5125000.0,5000000.0,4350000.0,4000000.0,3000000.0,3000000.0,2900000.0,1750000.0,1750000.0,1150000.0,925000.0,900000.0,894166.0,800000.0,758333.0,741667.0,722500.0,700000.0
STL,2020,7500000.0,7500000.0,6500000.0,5750000.0,5500000.0,5350000.0,5125000.0,5000000.0,4833333.0,4400000.0,4350000.0,4000000.0,4000000.0,3250000.0,2750000.0,1750000.0,1475000.0,1375000.0,925000.0,900000.0,900000.0,894166.0,863333.0,842500.0,758333.0
STL,2021,7500000.0,7500000.0,6500000.0,6500000.0,6500000.0,5500000.0,5350000.0,5000000.0,4400000.0,4000000.0,4000000.0,3275000.0,2750000.0,1875000.0,1750000.0,1475000.0,1375000.0,1000000.0,900000.0,894166.0,863333.0,792500.0,787500.0,758333.0,750000.0
TBL,2012,7727272.0,7500000.0,5625000.0,4500000.0,3875000.0,3850000.0,2362500.0,1850000.0,1300000.0,1100000.0,1000000.0,1000000.0,925000.0,900000.0,900000.0,900000.0,875000.0,721875.0,683333.0,600000.0,575000.0,558333.0,525000.0,525000.0,525000.0
TBL,2013,7727272.0,7500000.0,5625000.0,4500000.0,4000000.0,3875000.0,3750000.0,2362500.0,1800000.0,1800000.0,1300000.0,1150000.0,1000000.0,1000000.0,925000.0,900000.0,875000.0,871250.0,756667.0,740000.0,700000.0,650000.0,650000.0,600000.0,600000.0
TBL,2014,7500000.0,5625000.0,5000000.0,4500000.0,4500000.0,4275000.0,4000000.0,3875000.0,3750000.0,2300000.0,1800000.0,1600000.0,1584063.0,1150000.0,991667.0,975000.0,925000.0,925000.0,900000.0,875000.0,874125.0,756667.0,740000.0,711667.0,650000.0
TBL,2015,7500000.0,5800000.0,5000000.0,4600000.0,4500000.0,4500000.0,4000000.0,3875000.0,3333333.0,3333333.0,2550000.0,2300000.0,2000000.0,1550000.0,991667.0,950000.0,925000.0,925000.0,925000.0,894167.0,894167.0,874125.0,874125.0,850500.0,742500.0
TBL,2016,7500000.0,5950000.0,5800000.0,5000000.0,4600000.0,4500000.0,4500000.0,4000000.0,3333333.0,3333333.0,2550000.0,2000000.0,1450000.0,1250000.0,950000.0,925000.0,894167.0,894167.0,874125.0,742500.0,711667.0,650000.0,633333.0,625000.0,608333.0
TBL,2017,8500000.0,5950000.0,5800000.0,5000000.0,4766667.0,4600000.0,4500000.0,4450000.0,4000000.0,3700000.0,3333333.0,3333333.0,2000000.0,1937500.0,1450000.0,1250000.0,1250000.0,925000.0,894167.0,894167.0,874167.0,812500.0,796250.0,725000.0,700000.0
TBL,2018,8500000.0,7875000.0,5800000.0,5300000.0,5000000.0,4766667.0,4700000.0,4500000.0,4450000.0,3700000.0,3500000.0,3000000.0,2750000.0,2000000.0,1950000.0,1937500.0,1250000.0,1050000.0,1025000.0,1000000.0,894166.0,874167.0,812500.0,812500.0,800000.0
TBL,2019,8500000.0,7875000.0,5800000.0,5300000.0,5250000.0,5000000.0,4766667.0,4700000.0,4500000.0,4450000.0,3700000.0,3500000.0,3000000.0,2250000.0,1150000.0,1000000.0,1000000.0,894166.0,865000.0,800000.0,728333.0,728333.0,715000.0,697500.0,686667.0
TBL,2020,9500000.0,8500000.0,7875000.0,6750000.0,6750000.0,5300000.0,5166666.0,5142857.0,5000000.0,4450000.0,3500000.0,1800000.0,1750000.0,1700000.0,1650000.0,1300000.0,1300000.0,1300000.0,925000.0,900000.0,894166.0,864167.0,833333.0,728333.0,728333.0
TBL,2021,9500000.0,9500000.0,8500000.0,7875000.0,6750000.0,6750000.0,5300000.0,5166666.0,5000000.0,4800000.0,4800000.0,4450000.0,4250000.0,2950000.0,1800000.0,1300000.0,1300000.0,925000.0,925000.0,900000.0,800000.0,759258.0,737500.0,737500.0,700000.0
TOR,2012,6500000.0,5400000.0,4750000.0,4300000.0,4250000.0,4200000.0,3600000.0,3500000.0,3250000.0,3000000.0,2900000.0,2350000.0,1800000.0,1500000.0,1350000.0,1325000.0,1100000.0,1000000.0,900000.0,875000.0,875000.0,875000.0,870000.0,840000.0,800000.0
TOR,2013,6500000.0,5500000.0,5400000.0,4300000.0,4250000.0,4250000.0,3875000.0,3250000.0,2800000.0,1800000.0,1800000.0,1500000.0,1500000.0,1325000.0,1200000.0,1100000.0,1000000.0,875000.0,875000.0,875000.0,870000.0,850000.0,736667.0,632500.0,612500.0
TOR,2014,6500000.0,5400000.0,5250000.0,5250000.0,4250000.0,4200000.0,4000000.0,3875000.0,3375000.0,3150000.0,2900000.0,2900000.0,2800000.0,2000000.0,1800000.0,1500000.0,1275000.0,1000000.0,1000000.0,925000.0,894167.0,875000.0,870000.0,870000.0,840000.0
TOR,2015,8000000.0,7000000.0,5250000.0,5250000.0,4250000.0,4200000.0,4050000.0,3875000.0,3300000.0,3000000.0,2950000.0,2900000.0,2900000.0,2750000.0,2500000.0,2300000.0,1500000.0,1300000.0,1100000.0,925000.0,912500.0,894167.0,875000.0,863333.0,850500.0
TOR,2016,7000000.0,5250000.0,4500000.0,4250000.0,4200000.0,4150000.0,4100000.0,4050000.0,4000000.0,3000000.0,2950000.0,2750000.0,2650000.0,2300000.0,2300000.0,2250000.0,2200000.0,1500000.0,1500000.0,1200000.0,1100000.0,900000.0,894167.0,894167.0,894167.0
TOR,2017,5000000.0,5000000.0,4500000.0,4200000.0,4050000.0,4000000.0,2950000.0,2500000.0,2250000.0,2000000.0,2000000.0,1450000.0,1300000.0,1250000.0,1200000.0,925000.0,925000.0,900000.0,894167.0,894167.0,863333.0,863333.0,800000.0,750000.0,750000.0
TOR,2018,6250000.0,6000000.0,5000000.0,5000000.0,4500000.0,4500000.0,4250000.0,4200000.0,4050000.0,3000000.0,2950000.0,2500000.0,2250000.0,2100000.0,2000000.0,1250000.0,1100000.0,1000000.0,1000000.0,925000.0,925000.0,925000.0,894167.0,894167.0,863333.0
TOR,2019,11000000.0,10277778.0,6250000.0,5000000.0,5000000.0,4500000.0,4500000.0,4050000.0,4000000.0,3000000.0,2250000.0,2100000.0,1300000.0,925000.0,925000.0,925000.0,925000.0,925000.0,925000.0,894167.0,874125.0,863333.0,863333.0,800000.0,787500.0
TOR,2020,11634000.0,11000000.0,10893000.0,6962366.0,5500000.0,5000000.0,5000000.0,4500000.0,4000000.0,3500000.0,3400000.0,3200000.0,2250000.0,1600000.0,925000.0,925000.0,894167.0,863333.0,863333.0,850000.0,775000.0,775000.0,767500.0,759167.0,750000.0
TOR,2021,11640250.0,11000000.0,10903000.0,6962366.0,5625000.0,5500000.0,5000000.0,5000000.0,5000000.0,3500000.0,2750000.0,2750000.0,2250000.0,2000000.0,1650000.0,1645000.0,1500000.0,1250000.0,1050000.0,1000000.0,950000.0,925000.0,925000.0,925000.0,925000.0
VAN,2012,6100000.0,6100000.0,5333333.0,5000000.0,4600000.0,4500000.0,4250000.0,3300000.0,3250000.0,2650000.0,2550000.0,2500000.0,2500000.0,2000000.0,2000000.0,1900000.0,1350000.0,1225000.0,1000000.0,900000.0,900000.0,900000.0,870000.0,816667.0,750000.0
VAN,2013,6100000.0,6100000.0,5333333.0,5000000.0,4600000.0,4600000.0,4500000.0,4250000.0,4000000.0,4000000.0,3300000.0,3250000.0,2500000.0,2275000.0,2000000.0,1900000.0,1350000.0,1225000.0,1000000.0,900000.0,900000.0,900000.0,894167.0,870000.0,750000.0
VAN,2014,6100000.0,6100000.0,5333333.0,5000000.0,5000000.0,4600000.0,4600000.0,4500000.0,4500000.0,4250000.0,2500000.0,1750000.0,1500000.0,1350000.0,1225000.0,1200000.0,1150000.0,925000.0,925000.0,870000.0,863333.0,850000.0,750000.0,750000.0,750000.0
VAN,2015,7000000.0,7000000.0,6000000.0,5000000.0,5000000.0,4600000.0,4500000.0,4500000.0,2500000.0,2500000.0,2175000.0,2000000.0,1900000.0,1750000.0,1750000.0,1633333.0,1200000.0,1150000.0,1150000.0,894167.0,894167.0,863333.0,850000.0,750000.0,742500.0
VAN,2016,7000000.0,7000000.0,6000000.0,5000000.0,5000000.0,4500000.0,4500000.0,4450000.0,3600000.0,3300000.0,2650000.0,2500000.0,2500000.0,2500000.0,1750000.0,1550000.0,1500000.0,1000000.0,925000.0,900000.0,896250.0,894167.0,894167.0,894167.0,863333.0
VAN,2017,7000000.0,7000000.0,6000000.0,6000000.0,5000000.0,4500000.0,4450000.0,4375000.0,3600000.0,3500000.0,2650000.0,2500000.0,1850000.0,1550000.0,1025000.0,950000.0,925000.0,925000.0,925000.0,925000.0,900000.0,896250.0,894167.0,894167.0,863333.0
VAN,2018,7000000.0,7000000.0,6000000.0,5500000.0,5000000.0,4450000.0,4375000.0,3666667.0,3500000.0,3150000.0,3000000.0,2800000.0,2650000.0,2500000.0,2000000.0,1850000.0,1100000.0,925000.0,925000.0,925000.0,925000.0,925000.0,916667.0,900000.0,900000.0
VAN,2019,6000000.0,5500000.0,5133750.0,5000000.0,4450000.0,4375000.0,4000000.0,4000000.0,3750000.0,3666667.0,3366666.0,3150000.0,3000000.0,3000000.0,3000000.0,2800000.0,2500000.0,2325000.0,1900000.0,1520700.0,1475000.0,1250000.0,1100000.0,925000.0,925000.0
VAN,2020,6000000.0,6000000.0,6000000.0,5875000.0,5500000.0,5250000.0,4600000.0,4450000.0,4375000.0,3750000.0,3666667.0,3500000.0,3366666.0,3000000.0,3000000.0,2325000.0,2000000.0,1900000.0,1500000.0,1250000.0,1150000.0,1050000.0,975000.0,925000.0,916667.0
VAN,2021,6000000.0,6000000.0,6000000.0,5950000.0,5875000.0,5500000.0,5250000.0,4375000.0,4300000.0,3750000.0,3000000.0,3000000.0,2550000.0,2000000.0,1250000.0,1225000.0,1050000.0,950000.0,925000.0,925000.0,916667.0,900000.0,891667.0,891666.0,863333.0
VGK,2018,5750000.0,5300000.0,5000000.0,5000000.0,4600000.0,4500000.0,3850000.0,3750000.0,3600000.0,2750000.0,2225000.0,1700000.0,1700000.0,1450000.0,1137500.0,1125000.0,1000000.0,1000000.0,1000000.0,925000.0,925000.0,863333.0,750000.0,716666.0,710000.0
VGK,2019,7350000.0,6567500.0,6500000.0,5750000.0,5250000.0,5200000.0,5000000.0,5000000.0,4500000.0,3875000.0,3850000.0,2775000.0,2750000.0,2500000.0,2225000.0,2200000.0,1700000.0,1500000.0,1450000.0,1375000.0,962500.0,925000.0,750000.0,725000.0,675000.0
VGK,2020,9500000.0,7000000.0,7000000.0,6500000.0,5950000.0,5900000.0,5200000.0,5000000.0,5000000.0,5000000.0,4750000.0,4000000.0,3850000.0,2775000.0,2500000.0,2200000.0,1375000.0,1050000.0,1000000.0,1000000.0,925000.0,863333.0,850000.0,791667.0,775000.0
VGK,2021,9500000.0,8800000.0,7000000.0,7000000.0,5900000.0,5200000.0,5000000.0,5000000.0,5000000.0,4750000.0,4000000.0,2750000.0,2500000.0,2250000.0,1750000.0,1700000.0,1400000.0,1250000.0,894167.0,863333.0,800000.0,791667.0,750000.0,750000.0,725000.0
WPG,2012,5200000.0,4500000.0,4400000.0,4062500.0,3750000.0,3500000.0,2550000.0,2500000.0,2383333.0,2200000.0,1850000.0,1700000.0,1300000.0,1250000.0,1150000.0,1000000.0,925000.0,900000.0,900000.0,866667.0,760000.0,750000.0,735000.0,715000.0,700000.0
WPG,2013,5250000.0,5200000.0,4500000.0,4500000.0,4400000.0,4062500.0,3900000.0,3750000.0,2550000.0,2500000.0,2383333.0,1800000.0,1700000.0,1600000.0,1600000.0,1600000.0,1300000.0,1250000.0,900000.0,894167.0,866667.0,726000.0,700000.0,687500.0,650000.0
WPG,2014,5750000.0,5600000.0,5250000.0,5200000.0,5142857.0,4700000.0,4500000.0,4400000.0,3900000.0,3000000.0,2333333.0,2066667.0,1700000.0,1600000.0,894167.0,866667.0,863333.0,760000.0,735000.0,715000.0,712500.0,675000.0,650000.0,650000.0,630000.0
WPG,2015,5750000.0,5600000.0,5500000.0,5250000.0,5200000.0,5142857.0,4700000.0,4400000.0,4000000.0,3900000.0,3300000.0,3000000.0,2950000.0,2625000.0,2066667.0,1600000.0,1500000.0,1200000.0,925000.0,900000.0,894167.0,863333.0,828333.0,725000.0,712500.0
WPG,2016,5750000.0,5600000.0,5500000.0,5200000.0,4700000.0,4400000.0,4350000.0,3900000.0,3000000.0,2625000.0,2266250.0,1550000.0,1200000.0,1000000.0,925000.0,925000.0,894167.0,894167.0,894167.0,887500.0,863333.0,863333.0,850000.0,828333.0,758333.0
WPG,2017,7600000.0,6125000.0,5750000.0,5600000.0,5500000.0,4700000.0,4350000.0,3900000.0,3308824.0,3000000.0,2625000.0,2125000.0,1550000.0,1200000.0,1150000.0,1125000.0,925000.0,925000.0,925000.0,925000.0,925000.0,925000.0,894167.0,887500.0,874125.0
WPG,2018,7600000.0,7000000.0,6125000.0,5750000.0,5600000.0,5500000.0,4700000.0,4333333.0,4125000.0,4100000.0,2812500.0,2250000.0,2125000.0,1400000.0,1150000.0,1125000.0,1000000.0,925000.0,925000.0,925000.0,925000.0,894167.0,894166.0,863333.0,850000.0
WPG,2019,7600000.0,6166666.0,6125000.0,6000000.0,5600000.0,5500000.0,5500000.0,5291667.0,5175000.0,4333333.0,4125000.0,3150000.0,2916667.0,2400000.0,1400000.0,1150000.0,1000000.0,1000000.0,925000.0,925000.0,925000.0,925000.0,894166.0,874125.0,839167.0
WPG,2020,8250000.0,7142857.0,6750000.0,6166666.0,6125000.0,6000000.0,5291667.0,4333333.0,4125000.0,3850000.0,3150000.0,3000000.0,2916667.0,2280000.0,1225000.0,1000000.0,925000.0,900000.0,894166.0,850000.0,817500.0,792500.0,775000.0,775000.0,767500.0
WPG,2021,8250000.0,7142857.0,6750000.0,6500000.0,6250000.0,6166666.0,6125000.0,6000000.0,5000000.0,4125000.0,3000000.0,3000000.0,2916667.0,2280000.0,2000000.0,1500000.0,1250000.0,1000000.0,900000.0,894167.0,894167.0,863333.0,817500.0,775000.0,750000.0
