,team,year,R1,R2,R3,R4,WC,1,2,3,4,5,6,7,8,9,10,11,12,13,14,15,16,17,18,19,20,21,22,23,24,25,salary cap
0,ARI,2012,1.0,1.0,1.0,,,5250000.0,5000000.0,4550000.0,3750000.0,3000000.0,3000000.0,2975000.0,2750000.0,2000000.0,1850000.0,1800000.0,1800000.0,1750000.0,1400000.0,1325000.0,1250000.0,1100000.0,1050000.0,900000.0,900000.0,900000.0,850000.0,625000.0,625000.0,612500.0,64300000
1,ARI,2013,,,,,,5300000.0,5250000.0,4000000.0,3750000.0,3500000.0,3100000.0,3000000.0,2975000.0,2750000.0,2000000.0,1850000.0,1800000.0,1750000.0,1325000.0,1250000.0,1100000.0,900000.0,900000.0,853333.0,850500.0,803250.0,737500.0,675000.0,650000.0,650000.0,64300000
2,ARI,2014,,,,,,5666667.0,5500000.0,5500000.0,5300000.0,5250000.0,4500000.0,4000000.0,3750000.0,3100000.0,3000000.0,2975000.0,2750000.0,2550000.0,2500000.0,1187500.0,1150000.0,875000.0,870000.0,863333.0,853333.0,840000.0,830833.0,785000.0,750000.0,737500.0,64300000
3,ARI,2015,,,,,,5666667.0,5500000.0,5300000.0,5250000.0,4800000.0,4500000.0,4000000.0,3750000.0,3100000.0,2550000.0,2500000.0,1187500.0,1150000.0,1150000.0,1116667.0,925000.0,894167.0,875000.0,863333.0,853333.0,850500.0,840000.0,830833.0,800000.0,667500.0,69000000
4,ARI,2016,,,,,,5666667.0,5500000.0,5300000.0,3750000.0,3750000.0,3500000.0,3500000.0,3200000.0,3100000.0,3000000.0,2083333.0,1750000.0,1150000.0,1116667.0,1040000.0,925000.0,925000.0,925000.0,875000.0,875000.0,863333.0,863333.0,853333.0,850500.0,772500.0,71400000
5,ARI,2017,,,,,,5666667.0,5500000.0,5475000.0,4000000.0,3876134.0,3850000.0,3333333.0,3200000.0,3100000.0,2225000.0,2083333.0,1550000.0,1300000.0,1250000.0,1050000.0,1000000.0,1000000.0,1000000.0,925000.0,916667.0,894167.0,894167.0,874125.0,863333.0,863333.0,73000000
6,ARI,2018,,,,,,6500000.0,5500000.0,5475000.0,4500000.0,4100000.0,2800000.0,2225000.0,2083333.0,1800000.0,1250000.0,1200000.0,1050000.0,1000000.0,1000000.0,1000000.0,925000.0,894167.0,885833.0,863333.0,863333.0,863333.0,863333.0,839167.0,821666.0,745000.0,75000000
7,ARI,2019,,,,,,6500000.0,5500000.0,5475000.0,4900000.0,4500000.0,4250000.0,4100000.0,3350000.0,2800000.0,1850000.0,1750000.0,1500000.0,1375000.0,1250000.0,1000000.0,925000.0,925000.0,925000.0,925000.0,894167.0,885833.0,863333.0,863333.0,839167.0,821666.0,79500000
8,ARI,2020,1.0,1.0,,,,8250000.0,8000000.0,6500000.0,6000000.0,5850000.0,5475000.0,5000000.0,4750000.0,4600000.0,4500000.0,4450000.0,4250000.0,3350000.0,1850000.0,1533333.0,1500000.0,1400000.0,1250000.0,925000.0,894167.0,885833.0,874125.0,821666.0,775000.0,745000.0,81500000
9,ARI,2021,,,,,,8250000.0,8000000.0,7150000.0,5850000.0,5475000.0,5000000.0,4600000.0,4500000.0,4500000.0,4450000.0,4250000.0,1750000.0,1533333.0,1400000.0,1400000.0,1000000.0,1000000.0,1000000.0,894167.0,894167.0,809167.0,800000.0,795000.0,775000.0,775000.0,81500000
10,BOS,2012,1.0,,,,,6916667.0,5062500.0,5000000.0,5000000.0,4083333.0,4000000.0,3750000.0,3250000.0,2500000.0,2250000.0,2250000.0,2125000.0,1933333.0,1875000.0,1325000.0,1250000.0,1100000.0,1100000.0,1075000.0,916667.0,900000.0,886667.0,875000.0,816667.0,812500.0,64300000
11,BOS,2013,1.0,1.0,1.0,1.0,,6916667.0,6500000.0,5250000.0,5000000.0,4500000.0,4083333.0,4000000.0,3500000.0,3366667.0,3250000.0,3250000.0,2500000.0,2250000.0,1600000.0,1566667.0,1300000.0,1100000.0,1008333.0,1000000.0,925000.0,916667.0,886667.0,875000.0,760000.0,660000.0,64300000
12,BOS,2014,1.0,1.0,,,,7000000.0,6916667.0,6000000.0,5250000.0,5000000.0,4500000.0,4250000.0,4000000.0,3366667.0,3250000.0,3000000.0,1800000.0,1600000.0,1566667.0,1300000.0,1100000.0,1008333.0,925000.0,916667.0,900000.0,858750.0,833750.0,786667.0,775000.0,760000.0,64300000
13,BOS,2015,,,,,,7000000.0,6916667.0,6875000.0,6000000.0,5250000.0,4500000.0,4250000.0,4000000.0,3000000.0,1800000.0,1600000.0,1566667.0,1400000.0,1400000.0,1300000.0,1250000.0,1008333.0,925000.0,925000.0,875000.0,863333.0,863333.0,850500.0,833750.0,800000.0,69000000
14,BOS,2016,,,,,,7250000.0,7000000.0,6916667.0,6875000.0,4500000.0,4250000.0,4000000.0,3875000.0,3800000.0,3400000.0,3000000.0,2750000.0,2300000.0,1800000.0,1025000.0,950000.0,925000.0,863333.0,850000.0,850000.0,800000.0,800000.0,792500.0,792500.0,792500.0,71400000
15,BOS,2017,1.0,,,,,7250000.0,7000000.0,6916667.0,6875000.0,6000000.0,5250000.0,4500000.0,4350000.0,3800000.0,2750000.0,2500000.0,2300000.0,2000000.0,1200000.0,1000000.0,950000.0,925000.0,925000.0,925000.0,916667.0,916667.0,900000.0,900000.0,872500.0,863333.0,73000000
16,BOS,2018,1.0,1.0,,,,7800000.0,7250000.0,7000000.0,6875000.0,6666667.0,6125000.0,6000000.0,5250000.0,4000000.0,3800000.0,2825000.0,2750000.0,2500000.0,1650000.0,1200000.0,925000.0,925000.0,916667.0,900000.0,900000.0,875000.0,872500.0,863333.0,858750.0,808750.0,75000000
17,BOS,2019,1.0,1.0,1.0,1.0,,7250000.0,7000000.0,6875000.0,6666667.0,6125000.0,6000000.0,5250000.0,5000000.0,4583333.0,3200000.0,2750000.0,2750000.0,2500000.0,1400000.0,1275000.0,1250000.0,1000000.0,925000.0,925000.0,925000.0,916667.0,916667.0,900000.0,872500.0,863333.0,79500000
18,BOS,2020,1.0,1.0,,,,7250000.0,7000000.0,6875000.0,6666667.0,6125000.0,6000000.0,5250000.0,4900000.0,3200000.0,2850000.0,2800000.0,2750000.0,2750000.0,2600000.0,2000000.0,1498925.0,1400000.0,1275000.0,1250000.0,1000000.0,1000000.0,925000.0,925000.0,894167.0,863333.0,81500000
19,BOS,2021,1.0,1.0,,,,8000000.0,7250000.0,7000000.0,6875000.0,6666667.0,6125000.0,5250000.0,4900000.0,3687500.0,3675000.0,3100000.0,2850000.0,2750000.0,2600000.0,2250000.0,1600000.0,1500000.0,1498925.0,1350000.0,1275000.0,1250000.0,1000000.0,925000.0,925000.0,894167.0,81500000
20,BUF,2012,,,,,,7142857.0,6250000.0,5300000.0,4500000.0,4020000.0,4000000.0,4000000.0,4000000.0,4000000.0,3000000.0,2750000.0,2300000.0,1450000.0,1200000.0,950000.0,907500.0,875000.0,875000.0,870000.0,826667.0,816667.0,737500.0,715000.0,675000.0,645833.0,64300000
21,BUF,2013,,,,,,7142857.0,6250000.0,5500000.0,5300000.0,4500000.0,4020000.0,4000000.0,4000000.0,3000000.0,3000000.0,2950000.0,2812500.0,2750000.0,2000000.0,1450000.0,1250000.0,1200000.0,950000.0,925000.0,925000.0,925000.0,900000.0,826667.0,816667.0,737500.0,64300000
22,BUF,2014,,,,,,7142857.0,6250000.0,5500000.0,4500000.0,4250000.0,4150000.0,4000000.0,4000000.0,3133333.0,2950000.0,2812500.0,2400000.0,1900000.0,1800000.0,1666667.0,1250000.0,1250000.0,1200000.0,925000.0,925000.0,925000.0,925000.0,925000.0,900000.0,894167.0,64300000
23,BUF,2015,,,,,,5500000.0,5142857.0,5000000.0,4600000.0,4250000.0,4250000.0,4150000.0,4125000.0,4000000.0,3900000.0,2400000.0,1900000.0,1875000.0,1666667.0,1500000.0,1250000.0,1250000.0,925000.0,925000.0,925000.0,925000.0,925000.0,925000.0,925000.0,900000.0,69000000
24,BUF,2016,,,,,,6000000.0,5250000.0,5142857.0,5000000.0,4600000.0,4250000.0,3900000.0,3325000.0,3000000.0,2950000.0,2225000.0,1875000.0,1738026.0,1666667.0,1300000.0,1212222.0,1125000.0,925000.0,925000.0,925000.0,925000.0,900000.0,894167.0,894167.0,874125.0,71400000
25,BUF,2017,,,,,,7500000.0,6000000.0,5400000.0,5250000.0,5142857.0,5000000.0,4600000.0,4333333.0,4250000.0,3900000.0,3325000.0,2250000.0,2225000.0,1600000.0,1150000.0,1000000.0,950000.0,925000.0,925000.0,925000.0,925000.0,894167.0,883750.0,842500.0,775833.0,73000000
26,BUF,2018,,,,,,7500000.0,6000000.0,5600000.0,5400000.0,5250000.0,5142857.0,5000000.0,4000000.0,4000000.0,3900000.0,2500000.0,2400000.0,1600000.0,1600000.0,1475000.0,1150000.0,950000.0,925000.0,925000.0,925000.0,894167.0,894166.0,858750.0,750000.0,718333.0,75000000
27,BUF,2019,,,,,,10000000.0,6000000.0,5725000.0,5600000.0,5400000.0,5142857.0,4000000.0,3850000.0,3650000.0,3500000.0,3387500.0,3000000.0,2750000.0,2400000.0,2250000.0,1600000.0,1600000.0,1475000.0,1050000.0,925000.0,925000.0,925000.0,925000.0,874125.0,874125.0,79500000
28,BUF,2020,,,,,,10000000.0,9000000.0,6000000.0,5400000.0,5142857.0,5000000.0,4500000.0,4300000.0,4000000.0,3875000.0,3650000.0,3500000.0,3387500.0,3000000.0,2850000.0,2750000.0,2275000.0,2000000.0,1600000.0,1550000.0,1325000.0,1300000.0,1050000.0,925000.0,925000.0,81500000
29,BUF,2021,,,,,,10000000.0,9000000.0,8000000.0,6000000.0,5400000.0,5200000.0,3875000.0,3850000.0,3250000.0,3050000.0,2850000.0,2750000.0,2600000.0,2250000.0,1600000.0,1400000.0,925000.0,925000.0,925000.0,925000.0,894167.0,889166.0,874125.0,864166.0,845000.0,81500000
30,CAR,2012,,,,,,8250000.0,6300000.0,4500000.0,4250000.0,3833333.0,3800000.0,3000000.0,2900000.0,2750000.0,2066667.0,1700000.0,1500000.0,900000.0,845833.0,840000.0,750000.0,704167.0,704166.0,700000.0,700000.0,685000.0,658333.0,625000.0,600000.0,525000.0,64300000
31,CAR,2013,,,,,,8250000.0,7000000.0,6300000.0,4750000.0,4500000.0,4000000.0,4000000.0,3000000.0,2000000.0,1800000.0,1700000.0,1600000.0,1000000.0,900000.0,894167.0,850000.0,840000.0,800000.0,750000.0,725000.0,704167.0,704166.0,700000.0,700000.0,650000.0,64300000
32,CAR,2014,,,,,,8250000.0,7000000.0,6300000.0,6000000.0,5725000.0,4750000.0,4000000.0,3875000.0,2750000.0,2000000.0,1600000.0,1500000.0,925000.0,900000.0,863333.0,840000.0,800000.0,725000.0,725000.0,700000.0,600000.0,600000.0,600000.0,600000.0,600000.0,64300000
33,CAR,2015,,,,,,8250000.0,7000000.0,6300000.0,6000000.0,5725000.0,4833333.0,3875000.0,2950000.0,2833333.0,2750000.0,2250000.0,1750000.0,1500000.0,1200000.0,1000000.0,925000.0,900000.0,863333.0,755000.0,738333.0,725000.0,700000.0,680833.0,652500.0,650000.0,69000000
34,CAR,2016,,,,,,8250000.0,6300000.0,6000000.0,5725000.0,5500000.0,4833333.0,4400000.0,3875000.0,2833333.0,1750000.0,1200000.0,1150000.0,1150000.0,925000.0,925000.0,912500.0,875000.0,863333.0,817500.0,811667.0,809167.0,742500.0,725000.0,680833.0,675000.0,71400000
35,CAR,2017,,,,,,6000000.0,5725000.0,4833333.0,4000000.0,4000000.0,3300000.0,2833333.0,2750000.0,2700000.0,2500000.0,1500000.0,1275000.0,1200000.0,925000.0,925000.0,912500.0,894167.0,858750.0,817500.0,811667.0,811667.0,809167.0,787500.0,750000.0,742500.0,73000000
36,CAR,2018,,,,,,6000000.0,5725000.0,4833333.0,4500000.0,4150000.0,4000000.0,3300000.0,3083333.0,2860000.0,2700000.0,2500000.0,1425000.0,1275000.0,925000.0,925000.0,925000.0,887500.0,863333.0,850000.0,842500.0,825000.0,809167.0,775000.0,770000.0,746667.0,75000000
37,CAR,2019,1.0,1.0,1.0,,,6000000.0,5750000.0,5300000.0,5250000.0,4833333.0,4550000.0,4500000.0,4150000.0,4025000.0,4000000.0,2860000.0,2300000.0,1800000.0,1750000.0,1500000.0,925000.0,925000.0,925000.0,894167.0,887500.0,863333.0,863333.0,850000.0,811667.0,811666.0,79500000
38,CAR,2020,1.0,,,,,8454000.0,6000000.0,5750000.0,5400000.0,5300000.0,5250000.0,5250000.0,4875000.0,4750000.0,4050000.0,4025000.0,3400000.0,3375000.0,3125000.0,3100000.0,2750000.0,2300000.0,2100000.0,2000000.0,925000.0,897500.0,863333.0,863333.0,850000.0,775000.0,81500000
39,CAR,2021,1.0,1.0,,,,8460250.0,6000000.0,5750000.0,5400000.0,5300000.0,5250000.0,5250000.0,4750000.0,4050000.0,4025000.0,3400000.0,3375000.0,3125000.0,2150000.0,2100000.0,2000000.0,2000000.0,1650000.0,1300000.0,925000.0,863333.0,863333.0,809166.0,763333.0,750000.0,81500000
40,CBJ,2012,,,,,,7800000.0,5500000.0,5272727.0,4357143.0,3750000.0,3750000.0,3200000.0,3000000.0,2900000.0,2843750.0,2650000.0,2200000.0,1300000.0,1250000.0,870000.0,840000.0,783333.0,775000.0,740167.0,725000.0,712500.0,712500.0,700000.0,700000.0,666667.0,64300000
41,CBJ,2013,,,,,,7500000.0,5500000.0,4600000.0,4500000.0,4357143.0,4200000.0,3200000.0,3083333.0,2900000.0,2150000.0,1875000.0,1633333.0,1250000.0,1050000.0,1000000.0,925000.0,900000.0,900000.0,870000.0,840000.0,783333.0,775000.0,740167.0,712500.0,666667.0,64300000
42,CBJ,2014,1.0,,,,,7500000.0,5625000.0,5500000.0,5300000.0,4600000.0,4500000.0,4357143.0,4200000.0,3500000.0,3283333.0,3083333.0,2150000.0,1250000.0,1150000.0,1050000.0,1000000.0,1000000.0,987500.0,900000.0,894167.0,875000.0,870000.0,826875.0,778333.0,709275.0,64300000
43,CBJ,2015,,,,,,5625000.0,5500000.0,5250000.0,4750000.0,4500000.0,4357143.0,4200000.0,4000000.0,3333333.0,3283333.0,3083333.0,2250000.0,1700000.0,1300000.0,1250000.0,1150000.0,1075000.0,987500.0,925000.0,925000.0,894167.0,894167.0,830833.0,800000.0,778333.0,69000000
44,CBJ,2016,,,,,,7425000.0,6000000.0,5850000.0,5500000.0,5250000.0,4750000.0,4500000.0,4357143.0,4000000.0,3500000.0,3333333.0,2200000.0,1700000.0,1500000.0,1300000.0,1075000.0,925000.0,925000.0,925000.0,894167.0,894167.0,863333.0,830833.0,800000.0,778333.0,71400000
45,CBJ,2017,1.0,,,,,7425000.0,6000000.0,5850000.0,5500000.0,5400000.0,4750000.0,4357143.0,4250000.0,3500000.0,2900000.0,2825000.0,2200000.0,1575000.0,1250000.0,1000000.0,1000000.0,925000.0,925000.0,925000.0,863333.0,817500.0,800000.0,742500.0,717500.0,678333.0,73000000
46,CBJ,2018,1.0,,,,,7425000.0,6000000.0,5850000.0,5500000.0,5400000.0,4900000.0,4357143.0,4250000.0,3500000.0,2900000.0,2825000.0,2200000.0,2100000.0,2000000.0,1850000.0,1800000.0,1100000.0,925000.0,925000.0,900000.0,894166.0,894166.0,863333.0,825000.0,817500.0,75000000
47,CBJ,2019,1.0,1.0,,,,7425000.0,6000000.0,6000000.0,5875000.0,5850000.0,5500000.0,5400000.0,4900000.0,4250000.0,3750000.0,2825000.0,2750000.0,2750000.0,2700000.0,2500000.0,1850000.0,1800000.0,925000.0,925000.0,925000.0,925000.0,900000.0,897500.0,894166.0,894166.0,79500000
48,CBJ,2020,1.0,,,,,5875000.0,5500000.0,5500000.0,5400000.0,5000000.0,4900000.0,4600000.0,4250000.0,3750000.0,2750000.0,2700000.0,2500000.0,2300000.0,1850000.0,1633333.0,1150000.0,925000.0,925000.0,925000.0,916667.0,897500.0,894167.0,894166.0,894166.0,874125.0,81500000
49,CBJ,2021,,,,,,6750000.0,5875000.0,5500000.0,5400000.0,5300000.0,5000000.0,5000000.0,4250000.0,4000000.0,3750000.0,2800000.0,2800000.0,2750000.0,2500000.0,2030952.0,1650000.0,1633333.0,1500000.0,1200000.0,975000.0,925000.0,925000.0,925000.0,925000.0,916667.0,81500000
50,CGY,2012,,,,,,7000000.0,6680000.0,6000000.0,5833333.0,4020000.0,3500000.0,3500000.0,3333333.0,3000000.0,3000000.0,2550000.0,2500000.0,2500000.0,1900000.0,1250000.0,1000000.0,925000.0,916667.0,862500.0,845833.0,845833.0,713333.0,700000.0,613333.0,600000.0,64300000
51,CGY,2013,,,,,,7000000.0,6680000.0,6000000.0,5833333.0,5250000.0,4020000.0,4000000.0,3500000.0,3500000.0,2550000.0,2500000.0,2500000.0,1250000.0,1250000.0,900000.0,894167.0,775000.0,725000.0,695000.0,650000.0,618333.0,613333.0,612500.0,600000.0,575000.0,64300000
52,CGY,2014,,,,,,6000000.0,5250000.0,4020000.0,4000000.0,4000000.0,3500000.0,3500000.0,2750000.0,2550000.0,2500000.0,2125000.0,2000000.0,1700000.0,1500000.0,1500000.0,1250000.0,925000.0,925000.0,925000.0,925000.0,925000.0,912500.0,900000.0,900000.0,894167.0,64300000
53,CGY,2015,1.0,1.0,,,,5250000.0,4500000.0,4020000.0,4000000.0,4000000.0,3500000.0,3150000.0,3125000.0,2916667.0,2750000.0,2600000.0,2550000.0,2125000.0,1500000.0,1275000.0,1250000.0,1187500.0,925000.0,925000.0,925000.0,925000.0,925000.0,900000.0,900000.0,894167.0,69000000
54,CGY,2016,,,,,,5750000.0,5250000.0,4650400.0,4500000.0,4300000.0,4020000.0,4000000.0,4000000.0,3800000.0,3575000.0,3500000.0,3416666.0,3150000.0,3125000.0,2916667.0,2600000.0,2200000.0,1275000.0,1250000.0,975000.0,925000.0,925000.0,925000.0,925000.0,900000.0,71400000
55,CGY,2017,1.0,,,,,6750000.0,6750000.0,6375000.0,5750000.0,5250000.0,4650400.0,4500000.0,4300000.0,4000000.0,3575000.0,3125000.0,2916667.0,2500000.0,2200000.0,1700000.0,950000.0,925000.0,925000.0,925000.0,925000.0,925000.0,900000.0,894167.0,863333.0,825000.0,73000000
56,CGY,2018,,,,,,6750000.0,6750000.0,6375000.0,5750000.0,5666667.0,4650400.0,4500000.0,4300000.0,3857143.0,3575000.0,3500000.0,3125000.0,2750000.0,1950000.0,1750000.0,1750000.0,1150000.0,1000000.0,950000.0,925000.0,925000.0,925000.0,925000.0,863333.0,755833.0,75000000
57,CGY,2019,1.0,,,,,6750000.0,6750000.0,6375000.0,5750000.0,5666667.0,5350000.0,4950000.0,4850000.0,4650400.0,4300000.0,3857143.0,3500000.0,3125000.0,1950000.0,1675000.0,1250000.0,950000.0,925000.0,894166.0,850000.0,800000.0,800000.0,778333.0,755833.0,730833.0,79500000
58,CGY,2020,1.0,,,,,7000000.0,6750000.0,6750000.0,6375000.0,6000000.0,5350000.0,4950000.0,4850000.0,4650400.0,4300000.0,3857143.0,3125000.0,2750000.0,2750000.0,2550000.0,2525000.0,1675000.0,1250000.0,1200000.0,925000.0,778333.0,755833.0,735000.0,730833.0,715000.0,81500000
59,CGY,2021,,,,,,7000000.0,6750000.0,6750000.0,6375000.0,6000000.0,6000000.0,5350000.0,4950000.0,4850000.0,4550000.0,4500000.0,3125000.0,2750000.0,2550000.0,2425000.0,925000.0,894166.0,875000.0,801666.0,787500.0,778333.0,733333.0,725000.0,700000.0,700000.0,81500000
60,CHI,2012,1.0,,,,,6300000.0,6300000.0,5800000.0,5538462.0,5275000.0,3900000.0,3500000.0,3500000.0,3375000.0,3125000.0,2750000.0,2666667.0,2333333.0,900000.0,875000.0,795000.0,775000.0,738333.0,735000.0,735000.0,700000.0,654167.0,618333.0,600000.0,592500.0,64300000
61,CHI,2013,1.0,1.0,1.0,1.0,1.0,6300000.0,6300000.0,5900000.0,5800000.0,5538462.0,5275000.0,3500000.0,3375000.0,3375000.0,2666667.0,2500000.0,2333333.0,2000000.0,1486598.0,1150000.0,900000.0,875000.0,825000.0,764167.0,735000.0,735000.0,654167.0,618333.0,600000.0,592500.0,64300000
62,CHI,2014,1.0,1.0,1.0,,,6300000.0,6300000.0,5900000.0,5800000.0,5538462.0,5275000.0,4400000.0,4000000.0,3500000.0,3375000.0,2700000.0,2666667.0,2200000.0,1700000.0,1287500.0,1000000.0,925000.0,925000.0,925000.0,785000.0,764167.0,750000.0,735000.0,654167.0,631666.0,64300000
63,CHI,2015,1.0,1.0,1.0,1.0,1.0,6300000.0,6300000.0,6000000.0,5900000.0,5800000.0,5538462.0,5275000.0,4400000.0,4100000.0,4000000.0,3750000.0,3375000.0,2200000.0,2000000.0,2000000.0,2000000.0,1500000.0,1287500.0,925000.0,925000.0,894167.0,894167.0,863333.0,858750.0,800000.0,69000000
64,CHI,2016,1.0,,,,,10500000.0,10500000.0,6000000.0,5800000.0,5538462.0,5275000.0,4400000.0,4100000.0,4000000.0,3375000.0,3300000.0,3283333.0,2000000.0,1800000.0,1500000.0,1500000.0,1050000.0,1040000.0,1025000.0,975000.0,925000.0,925000.0,925000.0,894167.0,863333.0,71400000
65,CHI,2017,1.0,,,,,10500000.0,10500000.0,6875000.0,6000000.0,5538462.0,5275000.0,4550000.0,4100000.0,3750000.0,3083333.0,1500000.0,925000.0,925000.0,925000.0,900000.0,875000.0,872500.0,863333.0,825000.0,812500.0,800000.0,750000.0,717500.0,667500.0,600000.0,73000000
66,CHI,2018,,,,,,10500000.0,10500000.0,6875000.0,6000000.0,6000000.0,5538462.0,4550000.0,3850000.0,2800000.0,1200000.0,1000000.0,1000000.0,925000.0,925000.0,925000.0,925000.0,925000.0,925000.0,872500.0,863333.0,833750.0,800000.0,800000.0,778333.0,775833.0,75000000
67,CHI,2019,,,,,,10500000.0,10500000.0,6875000.0,6000000.0,6000000.0,5538462.0,4550000.0,3850000.0,3083333.0,3000000.0,2250000.0,2250000.0,1500000.0,1200000.0,1000000.0,925000.0,925000.0,925000.0,925000.0,925000.0,925000.0,925000.0,872500.0,865000.0,863333.0,79500000
68,CHI,2020,1.0,,,,,10500000.0,10500000.0,6875000.0,6000000.0,6000000.0,5538462.0,5000000.0,4550000.0,4083333.0,3900000.0,3850000.0,3250000.0,1500000.0,1200000.0,1000000.0,1000000.0,925000.0,925000.0,925000.0,925000.0,925000.0,925000.0,894167.0,894167.0,880833.0,81500000
69,CHI,2021,,,,,,10500000.0,6400000.0,5538462.0,4550000.0,3900000.0,3850000.0,3700000.0,3500000.0,3200000.0,3000000.0,2250000.0,1000000.0,1000000.0,1000000.0,1000000.0,1000000.0,950000.0,950000.0,925000.0,925000.0,925000.0,925000.0,912500.0,894167.0,880833.0,81500000
70,COL,2012,,,,,,6600000.0,3250000.0,3125000.0,2833333.0,2600000.0,2000000.0,1850000.0,1800000.0,1550000.0,1450000.0,1275000.0,1250000.0,1250000.0,1100000.0,1033333.0,950000.0,925000.0,900000.0,880000.0,850000.0,843333.0,715000.0,700000.0,700000.0,680000.0,64300000
71,COL,2013,,,,,,6600000.0,5000000.0,4000000.0,4000000.0,3750000.0,3500000.0,3250000.0,2833333.0,2650000.0,2250000.0,2250000.0,2000000.0,1800000.0,1750000.0,1600000.0,1250000.0,1250000.0,1150000.0,1100000.0,925000.0,843333.0,715000.0,700000.0,683333.0,621667.0,64300000
72,COL,2014,1.0,,,,,6600000.0,5000000.0,4000000.0,3750000.0,3500000.0,3500000.0,3250000.0,2833333.0,2650000.0,2250000.0,1800000.0,1750000.0,1600000.0,1500000.0,1150000.0,1100000.0,1000000.0,925000.0,925000.0,900000.0,900000.0,850000.0,843333.0,735000.0,715000.0,64300000
73,COL,2015,,,,,,6000000.0,6000000.0,5900000.0,5571429.0,5333333.0,4000000.0,3750000.0,3600000.0,3500000.0,3250000.0,2950000.0,2600000.0,2250000.0,1800000.0,1800000.0,1450000.0,1150000.0,1000000.0,925000.0,863333.0,850500.0,850500.0,813333.0,800000.0,750000.0,69000000
74,COL,2016,,,,,,6000000.0,5900000.0,5571429.0,5333333.0,4750000.0,4500000.0,3750000.0,3750000.0,3600000.0,3500000.0,2600000.0,2400000.0,2300000.0,1800000.0,1650000.0,1575000.0,1450000.0,1333333.0,925000.0,925000.0,894167.0,850500.0,850500.0,843333.0,800000.0,71400000
75,COL,2017,,,,,,6300000.0,6000000.0,6000000.0,5900000.0,5571429.0,5500000.0,5333333.0,4750000.0,4500000.0,2500000.0,2400000.0,2000000.0,1800000.0,1575000.0,1333333.0,1300000.0,1000000.0,925000.0,925000.0,916667.0,894167.0,894167.0,874125.0,800000.0,800000.0,73000000
76,COL,2018,1.0,,,,,6300000.0,6000000.0,6000000.0,5900000.0,5571429.0,5500000.0,4750000.0,3937500.0,2750000.0,2400000.0,2150000.0,1400000.0,1350000.0,1000000.0,945000.0,925000.0,925000.0,925000.0,925000.0,894167.0,885833.0,875000.0,843333.0,833333.0,750000.0,75000000
77,COL,2019,1.0,1.0,,,,6300000.0,6000000.0,5900000.0,5571429.0,5500000.0,5000000.0,4750000.0,4250000.0,3937500.0,3333333.0,2850000.0,2500000.0,2150000.0,1975000.0,1450000.0,1400000.0,950000.0,925000.0,925000.0,925000.0,925000.0,894167.0,885833.0,880833.0,833333.0,79500000
78,COL,2020,1.0,1.0,,,,9250000.0,6300000.0,6000000.0,5571429.0,4500000.0,4250000.0,4000000.0,3900000.0,3500000.0,3333333.0,3250000.0,3200000.0,2850000.0,2600000.0,1975000.0,1800000.0,1450000.0,1375000.0,950000.0,925000.0,925000.0,894167.0,885833.0,880833.0,850000.0,81500000
79,COL,2021,1.0,1.0,,,,9250000.0,6300000.0,6000000.0,6000000.0,5571429.0,5000000.0,4900000.0,4500000.0,4333333.0,4250000.0,4100000.0,3900000.0,3500000.0,3333333.0,3166667.0,3000000.0,2850000.0,2500000.0,2250000.0,1800000.0,1000000.0,925000.0,925000.0,925000.0,908333.0,81500000
80,DAL,2012,,,,,,5000000.0,4250000.0,4100000.0,3550000.0,3500000.0,3300000.0,3300000.0,2950000.0,2000000.0,1833333.0,1800000.0,1650000.0,1625000.0,1400000.0,1150000.0,1000000.0,900000.0,870000.0,837500.0,775000.0,743333.0,650000.0,635000.0,630000.0,621667.0,64300000
81,DAL,2013,,,,,,5250000.0,4600000.0,4500000.0,4500000.0,4500000.0,4250000.0,4100000.0,4000000.0,3550000.0,3500000.0,3300000.0,3300000.0,1800000.0,1500000.0,1400000.0,1025000.0,900000.0,894167.0,892500.0,866667.0,743333.0,625000.0,621667.0,612500.0,600000.0,64300000
82,DAL,2014,1.0,,,,,5900000.0,5750000.0,5500000.0,5250000.0,5000000.0,4600000.0,4500000.0,4500000.0,3300000.0,3300000.0,3250000.0,2500000.0,1800000.0,1500000.0,925000.0,900000.0,894167.0,866667.0,763333.0,743333.0,740000.0,700000.0,683333.0,660000.0,650000.0,64300000
83,DAL,2015,,,,,,7000000.0,5900000.0,5750000.0,5500000.0,5250000.0,5000000.0,4600000.0,4500000.0,4000000.0,3400000.0,3300000.0,2000000.0,1900000.0,1850000.0,1800000.0,1250000.0,1250000.0,1250000.0,1187500.0,925000.0,925000.0,894167.0,814167.0,763333.0,713333.0,69000000
84,DAL,2016,1.0,1.0,,,,7500000.0,5900000.0,5900000.0,5750000.0,5250000.0,4600000.0,4500000.0,4250000.0,4000000.0,3750000.0,3400000.0,2600000.0,2000000.0,1900000.0,1850000.0,1250000.0,1150000.0,925000.0,900000.0,900000.0,894167.0,875000.0,870000.0,863333.0,814167.0,71400000
85,DAL,2017,,,,,,7500000.0,5900000.0,5900000.0,5750000.0,5250000.0,4500000.0,4250000.0,4000000.0,3850000.0,3750000.0,3750000.0,2000000.0,2000000.0,1100000.0,1000000.0,1000000.0,925000.0,918750.0,900000.0,894167.0,875000.0,870000.0,863333.0,863333.0,800000.0,73000000
86,DAL,2018,,,,,,9500000.0,7500000.0,6250000.0,5900000.0,5750000.0,4916667.0,4900000.0,4750000.0,4250000.0,3750000.0,2200000.0,2200000.0,2000000.0,1750000.0,1000000.0,964688.0,894167.0,870000.0,863333.0,800000.0,770833.0,728333.0,725000.0,700000.0,700000.0,75000000
87,DAL,2019,1.0,1.0,,,,9500000.0,7500000.0,6250000.0,5750000.0,4916667.0,4900000.0,4750000.0,4500000.0,4250000.0,3250000.0,2950000.0,2666667.0,2500000.0,2400000.0,2300000.0,2300000.0,2200000.0,2200000.0,2137500.0,1750000.0,1300000.0,1300000.0,1000000.0,925000.0,894166.0,79500000
88,DAL,2020,1.0,1.0,1.0,1.0,,9850000.0,9500000.0,7000000.0,6250000.0,5800000.0,4916667.0,4250000.0,3250000.0,2500000.0,2400000.0,2350000.0,2300000.0,2200000.0,2137500.0,1750000.0,1500000.0,1500000.0,1500000.0,925000.0,925000.0,925000.0,925000.0,894166.0,894166.0,811667.0,81500000
89,DAL,2021,,,,,,9850000.0,9500000.0,7000000.0,6250000.0,5800000.0,4250000.0,3333333.0,3250000.0,3250000.0,3150000.0,2550000.0,2400000.0,2137500.0,2000000.0,1500000.0,1500000.0,925000.0,925000.0,925000.0,894166.0,863333.0,795000.0,762500.0,750000.0,750000.0,81500000
90,DET,2012,1.0,,,,,6700000.0,6200000.0,6083333.0,3954545.0,3750000.0,3250000.0,3125000.0,3000000.0,3000000.0,2875000.0,2875000.0,2250000.0,1937500.0,1200000.0,1000000.0,912500.0,883333.0,875000.0,837500.0,787500.0,785000.0,762500.0,612500.0,600000.0,550000.0,64300000
91,DET,2013,1.0,1.0,,,,6700000.0,6083333.0,4750000.0,3954545.0,3775000.0,3250000.0,3000000.0,3000000.0,2875000.0,2500000.0,2250000.0,2125000.0,2075000.0,1900000.0,1800000.0,1500000.0,1200000.0,925000.0,883333.0,875000.0,837500.0,785000.0,762500.0,750000.0,630000.0,64300000
92,DET,2014,1.0,,,,,6700000.0,6083333.0,5291666.0,4900000.0,4750000.0,4500000.0,3954545.0,3775000.0,3500000.0,3250000.0,3000000.0,2400000.0,2125000.0,2075000.0,1900000.0,1800000.0,1500000.0,1350000.0,1262500.0,1200000.0,950000.0,925000.0,785000.0,732500.0,725000.0,64300000
93,DET,2015,1.0,,,,,7500000.0,6083333.0,5291666.0,4900000.0,4750000.0,4500000.0,4250000.0,4250000.0,3954545.0,3000000.0,2750000.0,2400000.0,2187500.0,2125000.0,1850000.0,1800000.0,1350000.0,1262500.0,950000.0,950000.0,732500.0,725000.0,709167.0,698333.0,670000.0,69000000
94,DET,2016,1.0,,,,,7500000.0,6083333.0,6000000.0,5291666.0,4750000.0,4750000.0,4250000.0,4250000.0,3954545.0,3000000.0,2750000.0,2750000.0,2400000.0,2187500.0,2125000.0,1800000.0,1350000.0,950000.0,925000.0,900000.0,863333.0,815000.0,792500.0,737500.0,670000.0,71400000
95,DET,2017,,,,,,6083333.0,6000000.0,5291666.0,5250000.0,5000000.0,4750000.0,4750000.0,4250000.0,4250000.0,4250000.0,4000000.0,3850000.0,2750000.0,2750000.0,2600000.0,2075000.0,1450000.0,1025000.0,925000.0,900000.0,894167.0,863333.0,800000.0,715000.0,680000.0,73000000
96,DET,2018,,,,,,6083333.0,6000000.0,5300000.0,5291666.0,5250000.0,5000000.0,4750000.0,4750000.0,4250000.0,4250000.0,4000000.0,3850000.0,3166666.0,2075000.0,1800000.0,1387500.0,1250000.0,925000.0,863333.0,863333.0,812500.0,750000.0,700000.0,686667.0,661667.0,75000000
97,DET,2019,,,,,,6100000.0,5375000.0,5291666.0,5250000.0,5000000.0,4750000.0,4750000.0,4250000.0,4250000.0,3850000.0,3300000.0,3166666.0,3000000.0,3000000.0,3000000.0,1800000.0,1400000.0,1050000.0,1000000.0,925000.0,925000.0,925000.0,900000.0,894166.0,894166.0,79500000
98,DET,2020,,,,,,6100000.0,5375000.0,5250000.0,5000000.0,4250000.0,4250000.0,4000000.0,3850000.0,3300000.0,3166666.0,3150000.0,3000000.0,3000000.0,3000000.0,3000000.0,1800000.0,1400000.0,1050000.0,1000000.0,925000.0,900000.0,900000.0,894167.0,894166.0,874125.0,81500000
99,DET,2021,,,,,,6100000.0,5700000.0,5700000.0,5250000.0,5000000.0,3850000.0,3600000.0,3500000.0,3350000.0,3000000.0,3000000.0,3000000.0,2950000.0,2750000.0,2000000.0,1800000.0,1700000.0,1000000.0,1000000.0,997500.0,925000.0,925000.0,894167.0,894167.0,894166.0,81500000
100,EDM,2012,,,,,,6250000.0,5500000.0,4100000.0,4000000.0,4000000.0,3750000.0,3500000.0,2275000.0,2250000.0,2250000.0,2062500.0,1750000.0,1500000.0,1100000.0,925000.0,900000.0,900000.0,880000.0,875000.0,875000.0,875000.0,850000.0,825000.0,816667.0,800000.0,64300000
101,EDM,2013,,,,,,5500000.0,5000000.0,4000000.0,3750000.0,3500000.0,3500000.0,3200000.0,2250000.0,2250000.0,1750000.0,1750000.0,1500000.0,1475000.0,1100000.0,925000.0,925000.0,925000.0,900000.0,900000.0,880000.0,875000.0,875000.0,850000.0,800000.0,800000.0,64300000
102,EDM,2014,,,,,,6000000.0,6000000.0,5000000.0,4800000.0,3812500.0,3500000.0,3500000.0,3500000.0,3250000.0,3000000.0,2900000.0,2250000.0,2000000.0,1850000.0,1750000.0,1500000.0,1500000.0,1275000.0,1100000.0,1025000.0,1000000.0,950000.0,925000.0,925000.0,925000.0,64300000
103,EDM,2015,,,,,,6000000.0,6000000.0,6000000.0,4500000.0,4500000.0,4000000.0,3812500.0,3675000.0,3625000.0,3250000.0,3075000.0,3000000.0,2900000.0,2300000.0,1850000.0,1000000.0,950000.0,925000.0,925000.0,894167.0,894167.0,894167.0,842500.0,817500.0,800000.0,69000000
104,EDM,2016,,,,,,6000000.0,6000000.0,6000000.0,5500000.0,4500000.0,4500000.0,4000000.0,3900000.0,3625000.0,3250000.0,2500000.0,2500000.0,2000000.0,1850000.0,1800000.0,1750000.0,1450000.0,1250000.0,1000000.0,1000000.0,987500.0,925000.0,925000.0,925000.0,894167.0,71400000
105,EDM,2017,1.0,1.0,,,,6000000.0,6000000.0,6000000.0,5500000.0,4167000.0,4166666.0,4166666.0,4000000.0,3625000.0,3500000.0,3100000.0,2000000.0,1850000.0,1800000.0,1500000.0,1425000.0,987500.0,950000.0,925000.0,925000.0,925000.0,925000.0,925000.0,925000.0,875000.0,73000000
106,EDM,2018,,,,,,8500000.0,6000000.0,6000000.0,5500000.0,4167000.0,4166666.0,4166666.0,4000000.0,2500000.0,2000000.0,1950000.0,1800000.0,1425000.0,1100000.0,1062500.0,1000000.0,925000.0,925000.0,925000.0,925000.0,925000.0,925000.0,900000.0,863333.0,750000.0,75000000
107,EDM,2019,,,,,,12500000.0,8500000.0,6000000.0,6000000.0,5500000.0,4167000.0,4166666.0,4166666.0,4000000.0,4000000.0,3200000.0,3150000.0,3100000.0,2500000.0,2250000.0,2000000.0,1950000.0,1950000.0,1900000.0,1500000.0,1150000.0,1000000.0,925000.0,925000.0,925000.0,79500000
108,EDM,2020,,,,,,12500000.0,8500000.0,6000000.0,5750000.0,5375000.0,4500000.0,4167000.0,4166666.0,4000000.0,3200000.0,3150000.0,3000000.0,2250000.0,2150000.0,2000000.0,1950000.0,1900000.0,1300000.0,1200000.0,1000000.0,1000000.0,925000.0,925000.0,900000.0,894166.0,81500000
109,EDM,2021,1.0,,,,,12500000.0,8500000.0,6000000.0,5750000.0,5600000.0,4500000.0,4166666.0,4000000.0,3750000.0,3200000.0,2150000.0,2000000.0,1650000.0,1500000.0,1500000.0,1200000.0,1175000.0,1150000.0,1000000.0,975000.0,915000.0,894166.0,875000.0,863333.0,850000.0,81500000
110,FLA,2012,1.0,,,,,7142875.0,4500000.0,4250000.0,4125000.0,3800000.0,3500000.0,3100000.0,3083333.0,3000000.0,2750000.0,2500000.0,1700000.0,1600000.0,1200000.0,950000.0,900000.0,900000.0,900000.0,875000.0,851625.0,837500.0,825000.0,800000.0,791667.0,787500.0,64300000
111,FLA,2013,,,,,,7142875.0,4500000.0,4400000.0,4125000.0,4000000.0,3500000.0,3100000.0,3000000.0,2500000.0,1725000.0,1700000.0,1600000.0,1200000.0,1100000.0,937500.0,900000.0,900000.0,900000.0,894167.0,875000.0,870000.0,851625.0,825000.0,800000.0,795000.0,64300000
112,FLA,2014,,,,,,7142875.0,5333333.0,4500000.0,4400000.0,4125000.0,3500000.0,3000000.0,2750000.0,2500000.0,2500000.0,1750000.0,1700000.0,1200000.0,1200000.0,1100000.0,1000000.0,925000.0,900000.0,900000.0,900000.0,900000.0,900000.0,900000.0,900000.0,894167.0,64300000
113,FLA,2015,,,,,,7142875.0,5500000.0,5333333.0,4500000.0,4333333.0,4250000.0,4000000.0,3500000.0,3500000.0,3000000.0,2750000.0,2625000.0,2500000.0,1300000.0,1200000.0,1050000.0,925000.0,925000.0,925000.0,925000.0,925000.0,900000.0,900000.0,894167.0,795000.0,69000000
114,FLA,2016,1.0,,,,,7142875.0,5500000.0,5333333.0,4500000.0,4333333.0,4250000.0,4100000.0,4000000.0,4000000.0,3500000.0,3425000.0,3250000.0,2500000.0,2400000.0,1300000.0,1200000.0,1050000.0,1050000.0,925000.0,925000.0,925000.0,925000.0,925000.0,858750.0,850500.0,71400000
115,FLA,2017,,,,,,6350000.0,5900000.0,5333333.0,4750000.0,4500000.0,4100000.0,4000000.0,4000000.0,3425000.0,3400000.0,3250000.0,2600000.0,2400000.0,1450000.0,1300000.0,1125000.0,1050000.0,950000.0,925000.0,925000.0,925000.0,894167.0,858750.0,800000.0,750000.0,73000000
116,FLA,2018,,,,,,7500000.0,6350000.0,5900000.0,5900000.0,5333333.0,4750000.0,4100000.0,4000000.0,3400000.0,3333333.0,2733333.0,2500000.0,1850000.0,1375000.0,950000.0,925000.0,925000.0,925000.0,925000.0,925000.0,894167.0,825000.0,809167.0,792500.0,757500.0,75000000
117,FLA,2019,,,,,,7500000.0,6350000.0,5900000.0,5900000.0,5333333.0,5187500.0,5000000.0,4875000.0,4750000.0,4100000.0,4000000.0,3400000.0,3333333.0,2733333.0,2100000.0,1950000.0,1375000.0,1300000.0,1250000.0,1200000.0,1000000.0,925000.0,925000.0,925000.0,925000.0,79500000
118,FLA,2020,,,,,,10000000.0,7500000.0,6350000.0,5900000.0,5900000.0,5500000.0,5187500.0,4875000.0,4750000.0,4000000.0,3500000.0,2750000.0,2733333.0,2533333.0,1666667.0,1600000.0,1200000.0,940000.0,925000.0,925000.0,874125.0,850000.0,775000.0,773333.0,753333.0,81500000
119,FLA,2021,1.0,,,,,10000000.0,7500000.0,6350000.0,5900000.0,5900000.0,5500000.0,5300000.0,4900000.0,4500000.0,3850000.0,3500000.0,3250000.0,2700000.0,2550000.0,2533333.0,2500000.0,2250000.0,1700000.0,1666667.0,1000000.0,1000000.0,1000000.0,950000.0,925000.0,925000.0,81500000
120,LAK,2012,1.0,1.0,1.0,1.0,1.0,7000000.0,6800000.0,5750000.0,5272727.0,4357143.0,4250000.0,3825000.0,3600000.0,3500000.0,3500000.0,3400000.0,3175000.0,2950000.0,1800000.0,1250000.0,1175000.0,825000.0,762500.0,737500.0,725000.0,710000.0,616667.0,604167.0,600000.0,566667.0,64300000
121,LAK,2013,1.0,1.0,1.0,,,7000000.0,6800000.0,5750000.0,5272727.0,4020000.0,3825000.0,3500000.0,3400000.0,3250000.0,3250000.0,3175000.0,2950000.0,1800000.0,1250000.0,1175000.0,825000.0,762500.0,750000.0,737500.0,735833.0,725000.0,716667.0,710000.0,700000.0,616667.0,64300000
122,LAK,2014,1.0,1.0,1.0,1.0,1.0,7500000.0,7000000.0,6800000.0,5800000.0,5750000.0,5272727.0,4166666.0,3825000.0,3500000.0,3250000.0,3175000.0,3000000.0,2950000.0,1325000.0,1100000.0,1075000.0,1000000.0,875000.0,825000.0,825000.0,790000.0,750000.0,735833.0,716667.0,700000.0,64300000
123,LAK,2015,,,,,,7000000.0,6800000.0,5875000.0,5800000.0,5750000.0,5272727.0,4875000.0,4166666.0,3825000.0,3250000.0,3000000.0,2750000.0,2500000.0,1950000.0,1525000.0,1100000.0,1075000.0,1000000.0,925000.0,850000.0,735833.0,716667.0,700000.0,650000.0,550000.0,69000000
124,LAK,2016,1.0,,,,,7000000.0,6800000.0,6000000.0,5875000.0,5800000.0,5272727.0,4875000.0,4500000.0,4400000.0,4000000.0,4000000.0,3600000.0,3375000.0,3250000.0,2500000.0,1950000.0,1600000.0,1525000.0,1500000.0,1400000.0,1250000.0,950000.0,863333.0,850000.0,786667.0,71400000
125,LAK,2017,,,,,,10000000.0,7000000.0,5950000.0,5875000.0,5800000.0,5333333.0,5272727.0,4875000.0,4000000.0,4000000.0,3250000.0,2500000.0,2000000.0,1950000.0,1700000.0,1600000.0,1600000.0,1400000.0,1400000.0,950000.0,925000.0,900000.0,894167.0,808750.0,667500.0,73000000
126,LAK,2018,1.0,,,,,10000000.0,7000000.0,7000000.0,5875000.0,5800000.0,5272727.0,4875000.0,4600000.0,4000000.0,4000000.0,3750000.0,2225000.0,2000000.0,1650000.0,1600000.0,1200000.0,1100000.0,1000000.0,925000.0,925000.0,925000.0,925000.0,894167.0,874125.0,850000.0,75000000
127,LAK,2019,,,,,,10000000.0,7000000.0,7000000.0,6250000.0,5875000.0,5800000.0,5272727.0,4600000.0,4000000.0,4000000.0,4000000.0,3750000.0,2525000.0,2000000.0,1650000.0,1600000.0,1025000.0,925000.0,925000.0,925000.0,925000.0,925000.0,894167.0,863333.0,833750.0,79500000
128,LAK,2020,,,,,,11000000.0,10000000.0,6250000.0,5875000.0,5800000.0,5272727.0,4600000.0,4000000.0,2525000.0,2425000.0,2000000.0,2000000.0,1900000.0,1600000.0,1500000.0,925000.0,925000.0,925000.0,925000.0,925000.0,894167.0,825000.0,775000.0,761666.0,759167.0,81500000
129,LAK,2021,,,,,,11000000.0,10000000.0,5875000.0,5800000.0,5272727.0,4083333.0,2650000.0,2425000.0,2000000.0,1550000.0,1200000.0,1133333.0,925000.0,925000.0,925000.0,925000.0,900000.0,894167.0,894167.0,894166.0,875000.0,863333.0,775000.0,761666.0,747500.0,81500000
130,MIN,2012,,,,,,7500000.0,6750000.0,6000000.0,4080000.0,4000000.0,4000000.0,3500000.0,3500000.0,3000000.0,2500000.0,1933333.0,1800000.0,1400000.0,1150000.0,1066667.0,1000000.0,925000.0,850500.0,845833.0,810000.0,771667.0,750000.0,715000.0,706667.0,643333.0,64300000
131,MIN,2013,1.0,,,,,7538462.0,7538462.0,7500000.0,6750000.0,6000000.0,5300000.0,4080000.0,4000000.0,3500000.0,3000000.0,2833333.0,1900000.0,1900000.0,1400000.0,1333333.0,1066667.0,1050000.0,925000.0,900000.0,900000.0,900000.0,825000.0,825000.0,776667.0,771667.0,64300000
132,MIN,2014,1.0,1.0,,,,7538462.0,7538462.0,7500000.0,6750000.0,5300000.0,3416666.0,3133333.0,2833333.0,2666667.0,2500000.0,2000000.0,1900000.0,1900000.0,1500000.0,1333333.0,1200000.0,1050000.0,1025000.0,925000.0,925000.0,900000.0,900000.0,900000.0,894167.0,870000.0,64300000
133,MIN,2015,1.0,1.0,,,,7538462.0,7538462.0,6750000.0,6500000.0,5600000.0,4150000.0,3416666.0,2833333.0,2750000.0,2666667.0,2666667.0,2500000.0,2250000.0,1500000.0,1250000.0,1025000.0,1000000.0,925000.0,925000.0,900250.0,900000.0,900000.0,900000.0,894167.0,800000.0,69000000
134,MIN,2016,1.0,,,,,7538462.0,7538462.0,6750000.0,6500000.0,5600000.0,4333333.0,4166667.0,4000000.0,4000000.0,3200000.0,3000000.0,2666667.0,2666667.0,1250000.0,1000000.0,1000000.0,925000.0,900250.0,894167.0,800000.0,795000.0,775833.0,747500.0,725000.0,675000.0,71400000
135,MIN,2017,1.0,,,,,7538462.0,7538462.0,6750000.0,5600000.0,5187500.0,4333333.0,4166667.0,4000000.0,3500000.0,3200000.0,3100000.0,3000000.0,2666667.0,2550000.0,2000000.0,1550000.0,1150000.0,1000000.0,1000000.0,925000.0,925000.0,894166.0,812500.0,795000.0,775833.0,73000000
136,MIN,2018,1.0,,,,,7538462.0,7538462.0,6750000.0,5750000.0,5250000.0,5187500.0,4600000.0,4333333.0,4166667.0,3500000.0,3200000.0,2875000.0,2550000.0,2000000.0,1250000.0,1150000.0,1000000.0,925000.0,925000.0,925000.0,916666.0,894166.0,792500.0,775833.0,725000.0,75000000
137,MIN,2019,,,,,,7538462.0,7538462.0,6000000.0,5750000.0,5500000.0,5500000.0,5250000.0,5187500.0,4333333.0,4273500.0,4166667.0,4000000.0,3500000.0,3200000.0,2875000.0,2250000.0,1000000.0,925000.0,925000.0,916666.0,900000.0,894167.0,863333.0,725000.0,700000.0,79500000
138,MIN,2020,,,,,,7538462.0,7538462.0,6000000.0,6000000.0,5500000.0,5500000.0,5187500.0,4900000.0,4333333.0,4166667.0,4000000.0,3250000.0,3000000.0,2875000.0,2250000.0,1900000.0,1900000.0,1487500.0,925000.0,916666.0,874125.0,785000.0,767500.0,750000.0,725000.0,81500000
139,MIN,2021,1.0,,,,,7575000.0,7538462.0,7538462.0,6000000.0,6000000.0,4500000.0,4250000.0,4166667.0,4100000.0,4100000.0,4000000.0,3666667.0,3000000.0,2875000.0,2750000.0,2250000.0,2100000.0,1900000.0,1487500.0,925000.0,795000.0,725000.0,725000.0,700000.0,700000.0,81500000
140,MTL,2012,,,,,,7357143.0,6000000.0,5750000.0,5000000.0,5000000.0,4500000.0,4250000.0,3833333.0,3333333.0,3250000.0,2750000.0,2500000.0,2250000.0,1750000.0,1625000.0,1500000.0,1150000.0,984200.0,900000.0,875000.0,870000.0,850000.0,850000.0,850000.0,845833.0,64300000
141,MTL,2013,1.0,,,,,6500000.0,5750000.0,5000000.0,5000000.0,4500000.0,4250000.0,3900000.0,3500000.0,3333333.0,3109375.0,2500000.0,2000000.0,1850000.0,1625000.0,1500000.0,1225000.0,1150000.0,1150000.0,1000000.0,925000.0,925000.0,870000.0,850000.0,850000.0,700000.0,64300000
142,MTL,2014,1.0,1.0,1.0,,,7142857.0,6500000.0,5750000.0,5000000.0,5000000.0,4500000.0,4000000.0,3900000.0,3500000.0,3333333.0,2763889.0,2500000.0,2000000.0,1850000.0,1500000.0,1500000.0,1400000.0,1225000.0,1150000.0,1100000.0,937500.0,925000.0,925000.0,870000.0,870000.0,64300000
143,MTL,2015,1.0,1.0,,,,9000000.0,6500000.0,5750000.0,5000000.0,5000000.0,4500000.0,4100000.0,4000000.0,3500000.0,3500000.0,3500000.0,3333333.0,3075000.0,2800000.0,2500000.0,1900000.0,1850000.0,1750000.0,1025000.0,925000.0,925000.0,925000.0,925000.0,870000.0,850000.0,69000000
144,MTL,2016,,,,,,9000000.0,6500000.0,5750000.0,5500000.0,5000000.0,4500000.0,4100000.0,3750000.0,3500000.0,3500000.0,2800000.0,2800000.0,2300000.0,1200000.0,1200000.0,1100000.0,1025000.0,1000000.0,950000.0,925000.0,925000.0,900000.0,863333.0,863333.0,850500.0,71400000
145,MTL,2017,1.0,,,,,7857143.0,6500000.0,6000000.0,5750000.0,5750000.0,5500000.0,4500000.0,4100000.0,3900000.0,3750000.0,3500000.0,2800000.0,1950000.0,1425000.0,1200000.0,1166667.0,1100000.0,1000000.0,950000.0,950000.0,925000.0,925000.0,925000.0,912500.0,863333.0,73000000
146,MTL,2018,,,,,,7857143.0,6500000.0,6000000.0,5500000.0,5500000.0,4900000.0,4625000.0,4500000.0,3900000.0,3750000.0,2100000.0,1425000.0,1200000.0,1166667.0,1100000.0,1062500.0,1000000.0,912500.0,863333.0,863333.0,863333.0,863333.0,839166.0,778333.0,775000.0,75000000
147,MTL,2019,,,,,,10500000.0,7857143.0,5500000.0,5500000.0,5300000.0,4625000.0,3900000.0,3750000.0,3150000.0,3083333.0,2350000.0,2250000.0,2100000.0,1850000.0,1750000.0,1650000.0,1300000.0,1166667.0,1100000.0,950000.0,950000.0,925000.0,925000.0,900000.0,863333.0,79500000
148,MTL,2020,1.0,,,,,10500000.0,7857143.0,6250000.0,5500000.0,5500000.0,5300000.0,4625000.0,4000000.0,3750000.0,3500000.0,3400000.0,3150000.0,3083333.0,2600000.0,2400000.0,2350000.0,1850000.0,1750000.0,1500000.0,1400000.0,1300000.0,1000000.0,1000000.0,925000.0,925000.0,81500000
149,MTL,2021,1.0,1.0,1.0,1.0,,10500000.0,7857143.0,5500000.0,5500000.0,5500000.0,5300000.0,4350000.0,4250000.0,3750000.0,3500000.0,3500000.0,3400000.0,3250000.0,3083333.0,3000000.0,2600000.0,2400000.0,1850000.0,925000.0,925000.0,925000.0,894167.0,880833.0,880833.0,880833.0,81500000
150,NJD,2012,1.0,1.0,1.0,1.0,,6666666.0,6000000.0,6000000.0,5200000.0,4250000.0,4000000.0,3887500.0,3400000.0,3000000.0,2900000.0,2666667.0,1800000.0,1500000.0,1250000.0,925000.0,900000.0,875000.0,750000.0,662500.0,575000.0,563333.0,550000.0,550000.0,550000.0,542500.0,64300000
151,NJD,2013,,,,,,6666666.0,6000000.0,4500000.0,4250000.0,4000000.0,3887500.0,3400000.0,3166667.0,3000000.0,2666667.0,1850000.0,1800000.0,1650000.0,1400000.0,1300000.0,925000.0,900000.0,875000.0,842500.0,775000.0,775000.0,750000.0,660000.0,640000.0,604167.0,64300000
152,NJD,2014,,,,,,5750000.0,5500000.0,4850000.0,4750000.0,4500000.0,4250000.0,4000000.0,4000000.0,3500000.0,3166667.0,3100000.0,3000000.0,3000000.0,2000000.0,1300000.0,1000000.0,925000.0,840000.0,800000.0,775000.0,775000.0,725000.0,725000.0,692500.0,660000.0,64300000
153,NJD,2015,,,,,,5750000.0,5500000.0,5000000.0,4850000.0,4750000.0,4000000.0,4000000.0,3500000.0,3500000.0,3166667.0,3100000.0,3000000.0,3000000.0,1500000.0,900000.0,900000.0,850000.0,842500.0,840000.0,800000.0,800000.0,692500.0,692500.0,605833.0,600000.0,69000000
154,NJD,2016,,,,,,6000000.0,5750000.0,5500000.0,5000000.0,5000000.0,4750000.0,4166666.0,4000000.0,1666667.0,1575000.0,1466667.0,925000.0,925000.0,925000.0,925000.0,850000.0,850000.0,840000.0,825000.0,800000.0,800000.0,800000.0,725000.0,692500.0,680000.0,71400000
155,NJD,2017,,,,,,6000000.0,6000000.0,5750000.0,5000000.0,5000000.0,4650000.0,4000000.0,2666667.0,1666667.0,1575000.0,1300000.0,1250000.0,1250000.0,1250000.0,1137500.0,1100000.0,925000.0,925000.0,925000.0,894167.0,842500.0,811667.0,800000.0,796429.0,792500.0,73000000
156,NJD,2018,1.0,,,,,6000000.0,6000000.0,5750000.0,5000000.0,4875000.0,4650000.0,4583333.0,4166666.0,4000000.0,2750000.0,2666667.0,2550000.0,2000000.0,1666667.0,1650000.0,1575000.0,1250000.0,925000.0,925000.0,925000.0,925000.0,894167.0,842500.0,811667.0,800000.0,75000000
157,NJD,2019,,,,,,6000000.0,6000000.0,5750000.0,5000000.0,4875000.0,4650000.0,4583333.0,4166666.0,2750000.0,2666667.0,2550000.0,1800000.0,1725000.0,1416667.0,1300000.0,1250000.0,925000.0,925000.0,925000.0,925000.0,894167.0,863333.0,850000.0,811667.0,810000.0,79500000
158,NJD,2020,,,,,,9000000.0,6000000.0,6000000.0,5750000.0,5000000.0,5000000.0,4875000.0,4650000.0,4500000.0,4166666.0,3733333.0,2750000.0,2250000.0,1800000.0,1500000.0,1400000.0,1150000.0,925000.0,925000.0,925000.0,925000.0,863333.0,863333.0,817500.0,811666.0,81500000
159,NJD,2021,,,,,,9000000.0,7250000.0,5750000.0,4650000.0,4600000.0,4500000.0,4166666.0,3733333.0,3400000.0,2800000.0,2750000.0,2750000.0,2250000.0,2000000.0,1500000.0,1150000.0,1000000.0,925000.0,925000.0,912500.0,894167.0,874125.0,863333.0,863333.0,811666.0,81500000
160,NSH,2012,1.0,1.0,,,,7500000.0,4500000.0,4500000.0,4200000.0,3500000.0,3400000.0,3250000.0,3083333.0,2500000.0,2300000.0,2250000.0,1350000.0,1350000.0,1250000.0,1050000.0,1050000.0,900000.0,875000.0,875000.0,850000.0,840000.0,816667.0,800000.0,715000.0,712500.0,64300000
161,NSH,2013,,,,,,7857143.0,7000000.0,4500000.0,4500000.0,4200000.0,3250000.0,3083333.0,3000000.0,2000000.0,2000000.0,1350000.0,1250000.0,1050000.0,1000000.0,925000.0,900000.0,900000.0,900000.0,875000.0,840000.0,715000.0,712500.0,660000.0,650000.0,625000.0,64300000
162,NSH,2014,,,,,,7857143.0,7000000.0,4500000.0,4250000.0,4200000.0,4000000.0,3500000.0,3500000.0,3250000.0,3000000.0,2900000.0,2550000.0,2500000.0,2000000.0,2000000.0,1850000.0,1500000.0,1200000.0,925000.0,900000.0,894167.0,840000.0,780833.0,775000.0,715000.0,64300000
163,NSH,2015,1.0,,,,,7857143.0,7000000.0,5000000.0,4200000.0,4000000.0,3500000.0,3300000.0,3250000.0,3000000.0,2500000.0,2500000.0,2500000.0,2000000.0,2000000.0,1500000.0,1050000.0,1037500.0,1000000.0,1000000.0,925000.0,925000.0,894167.0,850000.0,780833.0,775000.0,69000000
164,NSH,2016,1.0,1.0,,,,7857143.0,7000000.0,5000000.0,4400000.0,4250000.0,4000000.0,4000000.0,3937500.0,3500000.0,3250000.0,2500000.0,2500000.0,2000000.0,1050000.0,1037500.0,925000.0,894167.0,894167.0,866250.0,780833.0,780833.0,735000.0,735000.0,725000.0,692500.0,71400000
165,NSH,2017,1.0,1.0,1.0,1.0,,9000000.0,7000000.0,6000000.0,5000000.0,4400000.0,4250000.0,4000000.0,4000000.0,3937500.0,3750000.0,3500000.0,2500000.0,2000000.0,1333333.0,1250000.0,1250000.0,863333.0,833333.0,780833.0,715000.0,692500.0,668333.0,650000.0,631667.0,625000.0,73000000
166,NSH,2018,1.0,1.0,,,,9000000.0,8000000.0,7000000.0,6000000.0,4250000.0,4250000.0,4100000.0,4100000.0,4000000.0,3750000.0,3500000.0,2500000.0,2000000.0,1333333.0,1100000.0,1000000.0,1000000.0,925000.0,863333.0,863333.0,728333.0,692500.0,666666.0,650000.0,650000.0,75000000
167,NSH,2019,1.0,,,,,9000000.0,8000000.0,7000000.0,6000000.0,6000000.0,5750000.0,4250000.0,4250000.0,4100000.0,4000000.0,3975000.0,3750000.0,2550000.0,2500000.0,2000000.0,1500000.0,1250000.0,1100000.0,925000.0,925000.0,894166.0,875000.0,863333.0,750000.0,750000.0,79500000
168,NSH,2020,,,,,,8000000.0,8000000.0,6250000.0,6000000.0,6000000.0,5750000.0,5000000.0,4250000.0,4250000.0,4100000.0,4000000.0,3750000.0,2857143.0,2000000.0,1500000.0,1416667.0,1250000.0,1100000.0,1000000.0,925000.0,850000.0,750000.0,730833.0,730000.0,700000.0,81500000
169,NSH,2021,1.0,,,,,9059000.0,8000000.0,8000000.0,6250000.0,6000000.0,5000000.0,4250000.0,4000000.0,3750000.0,3750000.0,2857143.0,2300000.0,2000000.0,2000000.0,2000000.0,1750000.0,1500000.0,1500000.0,1000000.0,1000000.0,925000.0,925000.0,925000.0,894166.0,874125.0,81500000
170,NYI,2012,,,,,,5062500.0,4500000.0,4100000.0,3133333.0,3000000.0,2800000.0,2500000.0,1600000.0,1350000.0,1250000.0,1050000.0,900000.0,900000.0,875000.0,875000.0,870000.0,870000.0,803250.0,793333.0,791667.0,637500.0,635250.0,631667.0,604167.0,601000.0,64300000
171,NYI,2013,1.0,,,,,5600000.0,5500000.0,4500000.0,4100000.0,3133333.0,3000000.0,2800000.0,2750000.0,1500000.0,1350000.0,1050000.0,1000000.0,1000000.0,900000.0,900000.0,875000.0,793333.0,700000.0,700000.0,637500.0,605000.0,604167.0,600000.0,600000.0,550000.0,64300000
172,NYI,2014,,,,,,7142857.0,5500000.0,4750000.0,3857143.0,3300000.0,3133333.0,3000000.0,2800000.0,2750000.0,2750000.0,2000000.0,1500000.0,1000000.0,925000.0,925000.0,900000.0,900000.0,900000.0,875000.0,870000.0,864167.0,863333.0,793333.0,791667.0,775000.0,64300000
173,NYI,2015,1.0,,,,,5500000.0,5000000.0,4750000.0,4500000.0,4187500.0,3857143.0,3366667.0,3300000.0,3000000.0,2800000.0,2750000.0,2750000.0,2700000.0,2400000.0,2350000.0,1966667.0,1300000.0,1000000.0,1000000.0,925000.0,900000.0,863333.0,863333.0,850500.0,826875.0,69000000
174,NYI,2016,1.0,1.0,,,,6000000.0,5500000.0,5500000.0,5000000.0,4500000.0,4187500.0,3857143.0,3750000.0,3300000.0,2800000.0,2750000.0,2750000.0,2500000.0,2200000.0,1966667.0,1500000.0,1500000.0,1000000.0,1000000.0,925000.0,875000.0,863333.0,863333.0,854333.0,775000.0,71400000
175,NYI,2017,,,,,,6000000.0,5500000.0,5500000.0,5500000.0,4500000.0,4187500.0,3857143.0,3750000.0,3350000.0,3300000.0,2750000.0,2500000.0,2500000.0,2250000.0,2200000.0,1966667.0,1500000.0,1000000.0,894167.0,894167.0,863333.0,863333.0,854333.0,850000.0,800000.0,73000000
176,NYI,2018,,,,,,6000000.0,6000000.0,5500000.0,5500000.0,5500000.0,4500000.0,4187500.0,3750000.0,3500000.0,3350000.0,3333333.0,3300000.0,3300000.0,2500000.0,2250000.0,2200000.0,1600000.0,1425000.0,1250000.0,925000.0,894167.0,863333.0,863333.0,863333.0,863333.0,75000000
177,NYI,2019,1.0,1.0,,,,6000000.0,6000000.0,5500000.0,5500000.0,5000000.0,4250000.0,3750000.0,3500000.0,3350000.0,3333333.0,3000000.0,2750000.0,2500000.0,2500000.0,2000000.0,1600000.0,1500000.0,1500000.0,1450000.0,1000000.0,894167.0,863333.0,863333.0,863333.0,700000.0,79500000
178,NYI,2020,1.0,1.0,1.0,,,7000000.0,6000000.0,6000000.0,5500000.0,5500000.0,5500000.0,5000000.0,5000000.0,5000000.0,3500000.0,3350000.0,3333333.0,3100000.0,3000000.0,2500000.0,2100000.0,2000000.0,1600000.0,1450000.0,1200000.0,1000000.0,925000.0,894167.0,894166.0,863333.0,81500000
179,NYI,2021,1.0,1.0,1.0,,,8460250.0,7000000.0,7000000.0,6000000.0,5750000.0,5500000.0,5500000.0,5000000.0,5000000.0,5000000.0,5000000.0,4650000.0,3500000.0,3350000.0,3000000.0,2500000.0,2100000.0,2000000.0,1700000.0,1600000.0,1500000.0,1450000.0,1000000.0,894167.0,894167.0,81500000
180,NYR,2012,1.0,1.0,1.0,,,7500000.0,6875000.0,6666666.0,4275000.0,4200000.0,3975000.0,3875000.0,3800000.0,3325000.0,1875000.0,1700000.0,1333333.0,1250000.0,925000.0,900000.0,900000.0,900000.0,875000.0,875000.0,875000.0,820833.0,800000.0,800000.0,800000.0,650000.0,64300000
181,NYR,2013,1.0,1.0,,,,7800000.0,7500000.0,6875000.0,6666666.0,4275000.0,3975000.0,3625000.0,3325000.0,3200000.0,2550000.0,1700000.0,1700000.0,1633333.0,1333333.0,1300000.0,1066667.0,894167.0,875000.0,840000.0,820833.0,808333.0,800000.0,750000.0,750000.0,700000.0,64300000
182,NYR,2014,1.0,1.0,1.0,1.0,,7800000.0,6875000.0,6666666.0,5625000.0,4700000.0,4275000.0,3975000.0,3325000.0,3200000.0,3075000.0,2900000.0,2550000.0,2250000.0,1700000.0,1700000.0,1633333.0,1300000.0,1300000.0,1225000.0,1150000.0,1066667.0,1000000.0,975000.0,925000.0,894167.0,64300000
183,NYR,2015,1.0,1.0,1.0,,,8500000.0,7800000.0,5625000.0,5500000.0,5250000.0,5000000.0,4700000.0,4500000.0,3975000.0,3500000.0,3075000.0,2900000.0,2475000.0,2250000.0,1500000.0,1450000.0,1300000.0,925000.0,900000.0,900000.0,894167.0,850500.0,805000.0,772500.0,703333.0,69000000
184,NYR,2016,1.0,,,,,8500000.0,8250000.0,7800000.0,6500000.0,5700000.0,5500000.0,5250000.0,5000000.0,4700000.0,4500000.0,4500000.0,2900000.0,2475000.0,1500000.0,1450000.0,1100000.0,950000.0,925000.0,900000.0,874000.0,850500.0,800000.0,750000.0,700000.0,650000.0,71400000
185,NYR,2017,1.0,1.0,,,,8500000.0,7800000.0,6500000.0,5700000.0,5500000.0,4700000.0,4625000.0,4500000.0,2900000.0,2750000.0,2750000.0,2625000.0,2600000.0,1650000.0,1650000.0,1450000.0,1100000.0,1000000.0,950000.0,925000.0,925000.0,925000.0,900000.0,800000.0,755000.0,73000000
186,NYR,2018,,,,,,8500000.0,7800000.0,6650000.0,5700000.0,5350000.0,4700000.0,4625000.0,4500000.0,4350000.0,3800000.0,2825000.0,2750000.0,2600000.0,1937500.0,1850000.0,1650000.0,1650000.0,1333333.0,1300000.0,1000000.0,925000.0,925000.0,925000.0,925000.0,925000.0,75000000
187,NYR,2019,,,,,,8500000.0,6650000.0,5700000.0,5350000.0,5250000.0,5175000.0,4625000.0,4500000.0,4350000.0,4000000.0,4000000.0,3800000.0,3100000.0,2750000.0,2275000.0,1850000.0,925000.0,925000.0,925000.0,925000.0,894166.0,894166.0,863333.0,863333.0,839167.0,79500000
188,NYR,2020,,,,,,11642857.0,8500000.0,8000000.0,5700000.0,5350000.0,5250000.0,4625000.0,4350000.0,4000000.0,3250000.0,3100000.0,1850000.0,925000.0,925000.0,925000.0,925000.0,925000.0,925000.0,894166.0,894166.0,863333.0,863333.0,833333.0,792500.0,750000.0,81500000
189,NYR,2021,,,,,,11642857.0,8000000.0,6500000.0,5350000.0,4800000.0,4500000.0,4350000.0,3250000.0,2425000.0,1550000.0,1150000.0,925000.0,925000.0,925000.0,925000.0,925000.0,925000.0,925000.0,925000.0,925000.0,925000.0,925000.0,894166.0,863333.0,863333.0,81500000
190,OTT,2012,1.0,,,,,7000000.0,5500000.0,4875000.0,4333333.0,3700000.0,3187500.0,3083333.0,2000000.0,1400000.0,1200000.0,1050000.0,1000000.0,1000000.0,925000.0,900000.0,900000.0,875000.0,875000.0,870000.0,870000.0,863333.0,845833.0,816666.0,750000.0,730000.0,64300000
191,OTT,2013,1.0,1.0,,,,7000000.0,6500000.0,5500000.0,4875000.0,4333333.0,3187500.0,3083333.0,3000000.0,2000000.0,1400000.0,1250000.0,1150000.0,894167.0,875000.0,871250.0,870000.0,870000.0,863333.0,816666.0,800000.0,800000.0,700000.0,650000.0,650000.0,637500.0,64300000
192,OTT,2014,,,,,,7000000.0,6500000.0,5100000.0,5000000.0,4333333.0,3500000.0,3250000.0,3187500.0,3100000.0,3083333.0,3000000.0,2000000.0,1900000.0,1887500.0,1250000.0,900000.0,894167.0,894167.0,871250.0,870000.0,825000.0,816666.0,720000.0,660000.0,613333.0,64300000
193,OTT,2015,1.0,,,,,6500000.0,5100000.0,4000000.0,3500000.0,3250000.0,3187500.0,3100000.0,3000000.0,3000000.0,2650000.0,2500000.0,2225000.0,2000000.0,1900000.0,1887500.0,1250000.0,1250000.0,894167.0,894167.0,894167.0,876667.0,866667.0,863333.0,755000.0,750000.0,69000000
194,OTT,2016,,,,,,7250000.0,7000000.0,6500000.0,4900000.0,4650000.0,4200000.0,4000000.0,3500000.0,3500000.0,3100000.0,2650000.0,2625000.0,2000000.0,2000000.0,1900000.0,1887500.0,1350000.0,1200000.0,1100000.0,925000.0,925000.0,900000.0,894167.0,894167.0,863333.0,71400000
195,OTT,2017,1.0,1.0,1.0,,,7250000.0,7000000.0,6500000.0,5187500.0,5000000.0,4900000.0,4650000.0,4500000.0,4200000.0,3500000.0,3500000.0,2800000.0,2475000.0,1887500.0,1500000.0,1500000.0,1350000.0,1100000.0,925000.0,900000.0,900000.0,900000.0,900000.0,894167.0,894167.0,73000000
196,OTT,2018,,,,,,7250000.0,7000000.0,6500000.0,6000000.0,5187500.0,5000000.0,4875000.0,4200000.0,3500000.0,3500000.0,3250000.0,3100000.0,2800000.0,2500000.0,2400000.0,1800000.0,1650000.0,1100000.0,1100000.0,1000000.0,925000.0,925000.0,925000.0,894166.0,863333.0,75000000
197,OTT,2019,,,,,,7350000.0,7250000.0,6000000.0,4750000.0,4300000.0,4000000.0,3250000.0,3100000.0,2937500.0,2500000.0,2400000.0,1800000.0,1700000.0,1200000.0,1100000.0,1000000.0,1000000.0,925000.0,925000.0,925000.0,925000.0,925000.0,900000.0,900000.0,894167.0,79500000
198,OTT,2020,,,,,,7250000.0,4750000.0,4750000.0,4550000.0,4500000.0,4000000.0,4000000.0,3500000.0,3100000.0,2937500.0,2600000.0,2100000.0,1650000.0,1500000.0,1300000.0,1200000.0,925000.0,925000.0,925000.0,900000.0,900000.0,874125.0,863333.0,863333.0,863333.0,81500000
199,OTT,2021,,,,,,8000000.0,6500000.0,6250000.0,5000000.0,4750000.0,4550000.0,4500000.0,4000000.0,3600000.0,3500000.0,3375000.0,1700000.0,1650000.0,1500000.0,1500000.0,1350000.0,1050000.0,925000.0,925000.0,925000.0,925000.0,925000.0,900000.0,863333.0,863333.0,81500000
200,PHI,2012,1.0,1.0,,,,6500000.0,6333333.0,5666667.0,4935714.0,4200000.0,4000000.0,3850000.0,3750000.0,3300000.0,3200000.0,2250000.0,1800000.0,1750000.0,1700000.0,1625000.0,1100000.0,925000.0,900000.0,900000.0,875000.0,870000.0,775000.0,737500.0,715000.0,666667.0,64300000
201,PHI,2013,,,,,,6500000.0,6333333.0,5666667.0,4500000.0,4250000.0,4200000.0,4000000.0,3750000.0,3600000.0,3500000.0,3500000.0,2900000.0,1800000.0,1750000.0,1100000.0,950000.0,925000.0,925000.0,900000.0,900000.0,870000.0,825000.0,775000.0,750000.0,737500.0,64300000
202,PHI,2014,1.0,,,,,6000000.0,5250000.0,4750000.0,4500000.0,4500000.0,4250000.0,4000000.0,3975000.0,3750000.0,3600000.0,3500000.0,2650000.0,1800000.0,1650000.0,1500000.0,925000.0,900000.0,870000.0,792500.0,775000.0,750000.0,715000.0,700000.0,675000.0,600000.0,64300000
203,PHI,2015,,,,,,8275000.0,5250000.0,5000000.0,4600000.0,4500000.0,4500000.0,4250000.0,4100000.0,3975000.0,3625000.0,3600000.0,3500000.0,2500000.0,1750000.0,1300000.0,1250000.0,1100000.0,1000000.0,925000.0,925000.0,863333.0,842500.0,781667.0,750000.0,700000.0,69000000
204,PHI,2016,1.0,,,,,8275000.0,5250000.0,5000000.0,4800000.0,4600000.0,4500000.0,4250000.0,4100000.0,3975000.0,3875000.0,3625000.0,3600000.0,2500000.0,2250000.0,1750000.0,1625000.0,1100000.0,991667.0,925000.0,863333.0,842500.0,800000.0,779617.0,712500.0,712500.0,71400000
205,PHI,2017,,,,,,8275000.0,8250000.0,5250000.0,5125000.0,5000000.0,5000000.0,4333333.0,4100000.0,3975000.0,3875000.0,3625000.0,3350000.0,2350000.0,2350000.0,2250000.0,1625000.0,975000.0,950000.0,925000.0,925000.0,894167.0,894167.0,894167.0,863333.0,863333.0,73000000
206,PHI,2018,1.0,,,,,8275000.0,8250000.0,5000000.0,5000000.0,4700000.0,4500000.0,4333333.0,4000000.0,3975000.0,3625000.0,3350000.0,2750000.0,2500000.0,2350000.0,2350000.0,1750000.0,1000000.0,975000.0,962500.0,925000.0,925000.0,894167.0,894167.0,894167.0,874125.0,75000000
207,PHI,2019,,,,,,8275000.0,8250000.0,7000000.0,5000000.0,4700000.0,4500000.0,4333333.0,4166666.0,3975000.0,3350000.0,2750000.0,2500000.0,2350000.0,2350000.0,1750000.0,1150000.0,962500.0,925000.0,925000.0,894167.0,894167.0,875000.0,863333.0,800000.0,800000.0,79500000
208,PHI,2020,1.0,1.0,,,,8275000.0,8250000.0,7142857.0,7000000.0,6750000.0,5750000.0,5500000.0,4500000.0,4333333.0,3800000.0,3250000.0,2300000.0,2000000.0,1600000.0,1150000.0,1000000.0,1000000.0,925000.0,925000.0,894166.0,863333.0,784167.0,775833.0,768333.0,753757.0,81500000
209,PHI,2021,,,,,,8275000.0,8250000.0,7142857.0,7000000.0,6750000.0,5500000.0,4500000.0,4333333.0,3250000.0,3000000.0,3000000.0,2550000.0,2300000.0,1800000.0,1600000.0,1600000.0,1500000.0,1075000.0,925000.0,925000.0,925000.0,925000.0,874125.0,863333.0,775833.0,81500000
210,PIT,2012,1.0,,,,,8700000.0,8700000.0,5000000.0,5000000.0,4000000.0,4000000.0,3750000.0,3725000.0,3500000.0,2875000.0,2000000.0,1800000.0,1500000.0,1500000.0,1500000.0,1050000.0,840000.0,708333.0,675000.0,625000.0,601667.0,600000.0,600000.0,600000.0,597500.0,64300000
211,PIT,2013,1.0,1.0,1.0,,,8700000.0,8700000.0,7000000.0,5000000.0,5000000.0,5000000.0,4100000.0,3750000.0,3725000.0,3500000.0,3000000.0,2500000.0,2300000.0,2066667.0,2000000.0,2000000.0,1800000.0,1500000.0,1100000.0,900000.0,840000.0,726000.0,675000.0,625000.0,600000.0,64300000
212,PIT,2014,1.0,1.0,,,,8700000.0,8700000.0,5000000.0,5000000.0,5000000.0,3750000.0,3750000.0,3725000.0,3500000.0,3375000.0,3000000.0,2500000.0,2300000.0,2066667.0,1700000.0,1100000.0,925000.0,900000.0,894167.0,840000.0,831667.0,700000.0,626666.0,625000.0,623333.0,64300000
213,PIT,2015,1.0,,,,,9500000.0,8700000.0,7250000.0,5000000.0,5000000.0,4250000.0,4000000.0,3850000.0,3812500.0,3750000.0,3375000.0,3300000.0,2200000.0,1300000.0,1200000.0,1100000.0,1100000.0,1000000.0,1000000.0,900000.0,900000.0,894167.0,874125.0,863333.0,831667.0,69000000
214,PIT,2016,1.0,1.0,1.0,1.0,1.0,9500000.0,8700000.0,8000000.0,7250000.0,5750000.0,4250000.0,4000000.0,3900000.0,3850000.0,3812500.0,3750000.0,3375000.0,3300000.0,2100000.0,2000000.0,1900000.0,1100000.0,925000.0,894167.0,863333.0,800000.0,800000.0,800000.0,761250.0,700833.0,71400000
215,PIT,2017,1.0,1.0,1.0,1.0,1.0,9500000.0,8700000.0,8000000.0,7250000.0,5750000.0,5250000.0,4250000.0,4083333.0,4000000.0,3850000.0,3300000.0,2833333.0,2100000.0,2000000.0,1900000.0,1400000.0,1000000.0,863333.0,800000.0,734167.0,700833.0,692500.0,667500.0,659167.0,640000.0,73000000
216,PIT,2018,1.0,1.0,,,,9500000.0,8700000.0,8000000.0,7250000.0,5500000.0,5000000.0,4250000.0,4100000.0,4083333.0,4000000.0,3750000.0,3000000.0,2250000.0,2100000.0,2075000.0,1125000.0,964688.0,925000.0,775000.0,734167.0,700000.0,692500.0,692500.0,675000.0,675000.0,75000000
217,PIT,2019,1.0,,,,,9500000.0,8700000.0,8000000.0,7250000.0,5500000.0,5300000.0,5000000.0,4100000.0,4100000.0,4083333.0,4000000.0,4000000.0,3750000.0,3750000.0,3500000.0,3250000.0,2137500.0,2100000.0,1250000.0,925000.0,925000.0,925000.0,794167.0,750000.0,750000.0,79500000
218,PIT,2020,,,,,,9500000.0,8700000.0,7250000.0,6000000.0,5500000.0,5500000.0,5300000.0,4900000.0,4100000.0,4100000.0,4000000.0,3750000.0,3500000.0,3500000.0,3250000.0,3000000.0,2000000.0,1250000.0,1000000.0,925000.0,925000.0,874125.0,850000.0,833750.0,767500.0,81500000
219,PIT,2021,1.0,,,,,9500000.0,8700000.0,7250000.0,6000000.0,5500000.0,5272727.0,4875000.0,4100000.0,4025175.0,3500000.0,3500000.0,3500000.0,3200000.0,2940000.0,1250000.0,1250000.0,1200000.0,1150000.0,1000000.0,925000.0,863333.0,792500.0,750000.0,750000.0,725000.0,81500000
220,SJS,2012,1.0,,,,,7000000.0,6900000.0,6666666.0,4250000.0,4000000.0,3800000.0,3625000.0,3550000.0,3100000.0,2500000.0,2500000.0,1366667.0,1250000.0,1100000.0,1000000.0,1000000.0,950000.0,816667.0,725000.0,700000.0,687500.0,680000.0,662500.0,605000.0,587500.0,64300000
221,SJS,2013,1.0,1.0,,,,7357143.0,7000000.0,6900000.0,6666666.0,5760000.0,4250000.0,4000000.0,3800000.0,3625000.0,3600000.0,3100000.0,2875000.0,2500000.0,2500000.0,1850000.0,1750000.0,1250000.0,1250000.0,1000000.0,950000.0,925000.0,825000.0,775000.0,700000.0,687500.0,64300000
222,SJS,2014,1.0,,,,,7000000.0,6900000.0,6666666.0,5760000.0,4250000.0,4250000.0,4000000.0,3800000.0,3600000.0,2875000.0,2350000.0,2000000.0,1850000.0,1500000.0,1250000.0,1000000.0,1000000.0,925000.0,830000.0,775000.0,759167.0,750000.0,736667.0,655000.0,626667.0,64300000
223,SJS,2015,,,,,,6750000.0,6666667.0,6000000.0,6000000.0,5760000.0,4250000.0,3800000.0,3400000.0,2475000.0,2350000.0,1850000.0,1600000.0,1500000.0,1300000.0,1250000.0,1250000.0,1200000.0,1000000.0,1000000.0,925000.0,894167.0,825000.0,759167.0,750000.0,711667.0,69000000
224,SJS,2016,1.0,1.0,1.0,1.0,,6750000.0,6666667.0,6000000.0,6000000.0,5760000.0,4850000.0,4250000.0,3800000.0,3275000.0,3270000.0,3000000.0,2750000.0,2475000.0,2300000.0,2200000.0,1650000.0,1600000.0,1500000.0,1200000.0,925000.0,925000.0,925000.0,894167.0,894167.0,759167.0,71400000
225,SJS,2017,1.0,,,,,6750000.0,6666667.0,6000000.0,6000000.0,5760000.0,4850000.0,4250000.0,4000000.0,3800000.0,3275000.0,3270000.0,3000000.0,3000000.0,2500000.0,2475000.0,2100000.0,1650000.0,925000.0,925000.0,894167.0,894167.0,863333.0,858750.0,775000.0,735000.0,73000000
226,SJS,2018,1.0,1.0,,,,8000000.0,8000000.0,6000000.0,6000000.0,5250000.0,4850000.0,4250000.0,4000000.0,3800000.0,3275000.0,3270000.0,3000000.0,3000000.0,2500000.0,2000000.0,2000000.0,1900000.0,925000.0,894167.0,858750.0,735000.0,717500.0,700000.0,650000.0,650000.0,75000000
227,SJS,2019,1.0,1.0,1.0,,,8000000.0,7000000.0,7000000.0,6500000.0,6000000.0,6000000.0,5750000.0,5625000.0,5000000.0,4750000.0,3800000.0,3270000.0,2000000.0,1900000.0,1900000.0,925000.0,925000.0,894167.0,825000.0,750000.0,735000.0,717500.0,700000.0,675000.0,672500.0,79500000
228,SJS,2020,,,,,,11500000.0,8000000.0,8000000.0,7000000.0,7000000.0,6000000.0,5750000.0,5625000.0,3270000.0,2000000.0,2000000.0,1900000.0,1500000.0,1000000.0,960000.0,925000.0,925000.0,925000.0,836667.0,800000.0,796667.0,768333.0,736666.0,735000.0,700000.0,81500000
229,SJS,2021,,,,,,11500000.0,8000000.0,8000000.0,7000000.0,7000000.0,6000000.0,5750000.0,5625000.0,4725000.0,4333333.0,2250000.0,2250000.0,1900000.0,1500000.0,925000.0,925000.0,925000.0,925000.0,925000.0,925000.0,925000.0,836667.0,796667.0,792500.0,776667.0,81500000
230,STL,2012,1.0,1.0,,,,4700000.0,4500000.0,3750000.0,3625000.0,3362500.0,2875000.0,2750000.0,2500000.0,2500000.0,2350000.0,2250000.0,2150000.0,2125000.0,1650000.0,1300000.0,1300000.0,1000000.0,1000000.0,875000.0,875000.0,830000.0,816667.0,816667.0,735000.0,675000.0,64300000
231,STL,2013,1.0,,,,,6680000.0,6500000.0,4700000.0,4500000.0,4175000.0,3812500.0,3750000.0,3362500.0,3166667.0,3000000.0,3000000.0,3000000.0,2750000.0,2250000.0,1800000.0,1650000.0,1300000.0,1300000.0,1250000.0,1000000.0,900000.0,875000.0,875000.0,830000.0,816667.0,64300000
232,STL,2014,1.0,,,,,6680000.0,6500000.0,6250000.0,4500000.0,4250000.0,4175000.0,4150000.0,4000000.0,3750000.0,3362500.0,3250000.0,3166667.0,2950000.0,2750000.0,2250000.0,1800000.0,1500000.0,1300000.0,1200000.0,1100000.0,900000.0,830000.0,825000.0,772500.0,772500.0,64300000
233,STL,2015,1.0,,,,,7000000.0,6500000.0,5800000.0,5400000.0,4500000.0,4250000.0,4175000.0,4000000.0,3700000.0,3166667.0,3150000.0,2750000.0,2600000.0,2500000.0,2500000.0,2350000.0,2250000.0,1200000.0,1200000.0,1125000.0,1100000.0,900000.0,825000.0,800000.0,772500.0,69000000
234,STL,2016,1.0,1.0,1.0,,,7500000.0,7000000.0,6500000.0,5800000.0,5400000.0,4500000.0,4250000.0,3700000.0,3666667.0,3150000.0,2750000.0,2600000.0,2500000.0,2350000.0,2350000.0,1125000.0,1050000.0,1000000.0,900000.0,894167.0,858750.0,775000.0,772500.0,742500.0,705000.0,71400000
235,STL,2017,1.0,1.0,,,,7500000.0,7000000.0,6500000.0,5800000.0,5400000.0,5350000.0,4700000.0,4250000.0,3750000.0,3700000.0,2900000.0,2725000.0,2500000.0,2350000.0,1125000.0,1125000.0,1050000.0,1050000.0,1000000.0,950000.0,925000.0,900000.0,894167.0,858750.0,741667.0,73000000
236,STL,2018,,,,,,7500000.0,7000000.0,6500000.0,5750000.0,5500000.0,5400000.0,5350000.0,5125000.0,4350000.0,3850000.0,3500000.0,2900000.0,1150000.0,1125000.0,1050000.0,1000000.0,950000.0,925000.0,925000.0,925000.0,900000.0,800000.0,800000.0,741667.0,736666.0,75000000
237,STL,2019,1.0,1.0,1.0,1.0,1.0,7500000.0,7500000.0,6500000.0,5750000.0,5500000.0,5400000.0,5350000.0,5125000.0,5000000.0,4350000.0,4000000.0,3000000.0,3000000.0,2900000.0,1750000.0,1750000.0,1150000.0,925000.0,900000.0,894166.0,800000.0,758333.0,741667.0,722500.0,700000.0,79500000
238,STL,2020,1.0,,,,,7500000.0,7500000.0,6500000.0,5750000.0,5500000.0,5350000.0,5125000.0,5000000.0,4833333.0,4400000.0,4350000.0,4000000.0,4000000.0,3250000.0,2750000.0,1750000.0,1475000.0,1375000.0,925000.0,900000.0,900000.0,894166.0,863333.0,842500.0,758333.0,81500000
239,STL,2021,1.0,,,,,7500000.0,7500000.0,6500000.0,6500000.0,6500000.0,5500000.0,5350000.0,5000000.0,4400000.0,4000000.0,4000000.0,3275000.0,2750000.0,1875000.0,1750000.0,1475000.0,1375000.0,1000000.0,900000.0,894166.0,863333.0,792500.0,787500.0,758333.0,750000.0,81500000
240,TBL,2012,,,,,,7727272.0,7500000.0,5625000.0,4500000.0,3875000.0,3850000.0,2362500.0,1850000.0,1300000.0,1100000.0,1000000.0,1000000.0,925000.0,900000.0,900000.0,900000.0,875000.0,721875.0,683333.0,600000.0,575000.0,558333.0,525000.0,525000.0,525000.0,64300000
241,TBL,2013,,,,,,7727272.0,7500000.0,5625000.0,4500000.0,4000000.0,3875000.0,3750000.0,2362500.0,1800000.0,1800000.0,1300000.0,1150000.0,1000000.0,1000000.0,925000.0,900000.0,875000.0,871250.0,756667.0,740000.0,700000.0,650000.0,650000.0,600000.0,600000.0,64300000
242,TBL,2014,1.0,,,,,7500000.0,5625000.0,5000000.0,4500000.0,4500000.0,4275000.0,4000000.0,3875000.0,3750000.0,2300000.0,1800000.0,1600000.0,1584063.0,1150000.0,991667.0,975000.0,925000.0,925000.0,900000.0,875000.0,874125.0,756667.0,740000.0,711667.0,650000.0,64300000
243,TBL,2015,1.0,1.0,1.0,1.0,,7500000.0,5800000.0,5000000.0,4600000.0,4500000.0,4500000.0,4000000.0,3875000.0,3333333.0,3333333.0,2550000.0,2300000.0,2000000.0,1550000.0,991667.0,950000.0,925000.0,925000.0,925000.0,894167.0,894167.0,874125.0,874125.0,850500.0,742500.0,69000000
244,TBL,2016,1.0,1.0,1.0,,,7500000.0,5950000.0,5800000.0,5000000.0,4600000.0,4500000.0,4500000.0,4000000.0,3333333.0,3333333.0,2550000.0,2000000.0,1450000.0,1250000.0,950000.0,925000.0,894167.0,894167.0,874125.0,742500.0,711667.0,650000.0,633333.0,625000.0,608333.0,71400000
245,TBL,2017,,,,,,8500000.0,5950000.0,5800000.0,5000000.0,4766667.0,4600000.0,4500000.0,4450000.0,4000000.0,3700000.0,3333333.0,3333333.0,2000000.0,1937500.0,1450000.0,1250000.0,1250000.0,925000.0,894167.0,894167.0,874167.0,812500.0,796250.0,725000.0,700000.0,73000000
246,TBL,2018,1.0,1.0,1.0,,,8500000.0,7875000.0,5800000.0,5300000.0,5000000.0,4766667.0,4700000.0,4500000.0,4450000.0,3700000.0,3500000.0,3000000.0,2750000.0,2000000.0,1950000.0,1937500.0,1250000.0,1050000.0,1025000.0,1000000.0,894166.0,874167.0,812500.0,812500.0,800000.0,75000000
247,TBL,2019,1.0,,,,,8500000.0,7875000.0,5800000.0,5300000.0,5250000.0,5000000.0,4766667.0,4700000.0,4500000.0,4450000.0,3700000.0,3500000.0,3000000.0,2250000.0,1150000.0,1000000.0,1000000.0,894166.0,865000.0,800000.0,728333.0,728333.0,715000.0,697500.0,686667.0,79500000
248,TBL,2020,1.0,1.0,1.0,1.0,1.0,9500000.0,8500000.0,7875000.0,6750000.0,6750000.0,5300000.0,5166666.0,5142857.0,5000000.0,4450000.0,3500000.0,1800000.0,1750000.0,1700000.0,1650000.0,1300000.0,1300000.0,1300000.0,925000.0,900000.0,894166.0,864167.0,833333.0,728333.0,728333.0,81500000
249,TBL,2021,1.0,1.0,1.0,1.0,1.0,9500000.0,9500000.0,8500000.0,7875000.0,6750000.0,6750000.0,5300000.0,5166666.0,5000000.0,4800000.0,4800000.0,4450000.0,4250000.0,2950000.0,1800000.0,1300000.0,1300000.0,925000.0,925000.0,900000.0,800000.0,759258.0,737500.0,737500.0,700000.0,81500000
250,TOR,2012,,,,,,6500000.0,5400000.0,4750000.0,4300000.0,4250000.0,4200000.0,3600000.0,3500000.0,3250000.0,3000000.0,2900000.0,2350000.0,1800000.0,1500000.0,1350000.0,1325000.0,1100000.0,1000000.0,900000.0,875000.0,875000.0,875000.0,870000.0,840000.0,800000.0,64300000
251,TOR,2013,1.0,,,,,6500000.0,5500000.0,5400000.0,4300000.0,4250000.0,4250000.0,3875000.0,3250000.0,2800000.0,1800000.0,1800000.0,1500000.0,1500000.0,1325000.0,1200000.0,1100000.0,1000000.0,875000.0,875000.0,875000.0,870000.0,850000.0,736667.0,632500.0,612500.0,64300000
252,TOR,2014,,,,,,6500000.0,5400000.0,5250000.0,5250000.0,4250000.0,4200000.0,4000000.0,3875000.0,3375000.0,3150000.0,2900000.0,2900000.0,2800000.0,2000000.0,1800000.0,1500000.0,1275000.0,1000000.0,1000000.0,925000.0,894167.0,875000.0,870000.0,870000.0,840000.0,64300000
253,TOR,2015,,,,,,8000000.0,7000000.0,5250000.0,5250000.0,4250000.0,4200000.0,4050000.0,3875000.0,3300000.0,3000000.0,2950000.0,2900000.0,2900000.0,2750000.0,2500000.0,2300000.0,1500000.0,1300000.0,1100000.0,925000.0,912500.0,894167.0,875000.0,863333.0,850500.0,69000000
254,TOR,2016,,,,,,7000000.0,5250000.0,4500000.0,4250000.0,4200000.0,4150000.0,4100000.0,4050000.0,4000000.0,3000000.0,2950000.0,2750000.0,2650000.0,2300000.0,2300000.0,2250000.0,2200000.0,1500000.0,1500000.0,1200000.0,1100000.0,900000.0,894167.0,894167.0,894167.0,71400000
255,TOR,2017,1.0,,,,,5000000.0,5000000.0,4500000.0,4200000.0,4050000.0,4000000.0,2950000.0,2500000.0,2250000.0,2000000.0,2000000.0,1450000.0,1300000.0,1250000.0,1200000.0,925000.0,925000.0,900000.0,894167.0,894167.0,863333.0,863333.0,800000.0,750000.0,750000.0,73000000
256,TOR,2018,1.0,,,,,6250000.0,6000000.0,5000000.0,5000000.0,4500000.0,4500000.0,4250000.0,4200000.0,4050000.0,3000000.0,2950000.0,2500000.0,2250000.0,2100000.0,2000000.0,1250000.0,1100000.0,1000000.0,1000000.0,925000.0,925000.0,925000.0,894167.0,894167.0,863333.0,75000000
257,TOR,2019,1.0,,,,,11000000.0,10277778.0,6250000.0,5000000.0,5000000.0,4500000.0,4500000.0,4050000.0,4000000.0,3000000.0,2250000.0,2100000.0,1300000.0,925000.0,925000.0,925000.0,925000.0,925000.0,925000.0,894167.0,874125.0,863333.0,863333.0,800000.0,787500.0,79500000
258,TOR,2020,,,,,,11634000.0,11000000.0,10893000.0,6962366.0,5500000.0,5000000.0,5000000.0,4500000.0,4000000.0,3500000.0,3400000.0,3200000.0,2250000.0,1600000.0,925000.0,925000.0,894167.0,863333.0,863333.0,850000.0,775000.0,775000.0,767500.0,759167.0,750000.0,81500000
259,TOR,2021,1.0,,,,,11640250.0,11000000.0,10903000.0,6962366.0,5625000.0,5500000.0,5000000.0,5000000.0,5000000.0,3500000.0,2750000.0,2750000.0,2250000.0,2000000.0,1650000.0,1645000.0,1500000.0,1250000.0,1050000.0,1000000.0,950000.0,925000.0,925000.0,925000.0,925000.0,81500000
260,VAN,2012,1.0,,,,,6100000.0,6100000.0,5333333.0,5000000.0,4600000.0,4500000.0,4250000.0,3300000.0,3250000.0,2650000.0,2550000.0,2500000.0,2500000.0,2000000.0,2000000.0,1900000.0,1350000.0,1225000.0,1000000.0,900000.0,900000.0,900000.0,870000.0,816667.0,750000.0,64300000
261,VAN,2013,1.0,,,,,6100000.0,6100000.0,5333333.0,5000000.0,4600000.0,4600000.0,4500000.0,4250000.0,4000000.0,4000000.0,3300000.0,3250000.0,2500000.0,2275000.0,2000000.0,1900000.0,1350000.0,1225000.0,1000000.0,900000.0,900000.0,900000.0,894167.0,870000.0,750000.0,64300000
262,VAN,2014,,,,,,6100000.0,6100000.0,5333333.0,5000000.0,5000000.0,4600000.0,4600000.0,4500000.0,4500000.0,4250000.0,2500000.0,1750000.0,1500000.0,1350000.0,1225000.0,1200000.0,1150000.0,925000.0,925000.0,870000.0,863333.0,850000.0,750000.0,750000.0,750000.0,64300000
263,VAN,2015,1.0,,,,,7000000.0,7000000.0,6000000.0,5000000.0,5000000.0,4600000.0,4500000.0,4500000.0,2500000.0,2500000.0,2175000.0,2000000.0,1900000.0,1750000.0,1750000.0,1633333.0,1200000.0,1150000.0,1150000.0,894167.0,894167.0,863333.0,850000.0,750000.0,742500.0,69000000
264,VAN,2016,,,,,,7000000.0,7000000.0,6000000.0,5000000.0,5000000.0,4500000.0,4500000.0,4450000.0,3600000.0,3300000.0,2650000.0,2500000.0,2500000.0,2500000.0,1750000.0,1550000.0,1500000.0,1000000.0,925000.0,900000.0,896250.0,894167.0,894167.0,894167.0,863333.0,71400000
265,VAN,2017,,,,,,7000000.0,7000000.0,6000000.0,6000000.0,5000000.0,4500000.0,4450000.0,4375000.0,3600000.0,3500000.0,2650000.0,2500000.0,1850000.0,1550000.0,1025000.0,950000.0,925000.0,925000.0,925000.0,925000.0,900000.0,896250.0,894167.0,894167.0,863333.0,73000000
266,VAN,2018,,,,,,7000000.0,7000000.0,6000000.0,5500000.0,5000000.0,4450000.0,4375000.0,3666667.0,3500000.0,3150000.0,3000000.0,2800000.0,2650000.0,2500000.0,2000000.0,1850000.0,1100000.0,925000.0,925000.0,925000.0,925000.0,925000.0,916667.0,900000.0,900000.0,75000000
267,VAN,2019,,,,,,6000000.0,5500000.0,5133750.0,5000000.0,4450000.0,4375000.0,4000000.0,4000000.0,3750000.0,3666667.0,3366666.0,3150000.0,3000000.0,3000000.0,3000000.0,2800000.0,2500000.0,2325000.0,1900000.0,1520700.0,1475000.0,1250000.0,1100000.0,925000.0,925000.0,79500000
268,VAN,2020,1.0,1.0,,,,6000000.0,6000000.0,6000000.0,5875000.0,5500000.0,5250000.0,4600000.0,4450000.0,4375000.0,3750000.0,3666667.0,3500000.0,3366666.0,3000000.0,3000000.0,2325000.0,2000000.0,1900000.0,1500000.0,1250000.0,1150000.0,1050000.0,975000.0,925000.0,916667.0,81500000
269,VAN,2021,,,,,,6000000.0,6000000.0,6000000.0,5950000.0,5875000.0,5500000.0,5250000.0,4375000.0,4300000.0,3750000.0,3000000.0,3000000.0,2550000.0,2000000.0,1250000.0,1225000.0,1050000.0,950000.0,925000.0,925000.0,916667.0,900000.0,891667.0,891666.0,863333.0,81500000
270,VGK,2018,1.0,1.0,1.0,1.0,,5750000.0,5300000.0,5000000.0,5000000.0,4600000.0,4500000.0,3850000.0,3750000.0,3600000.0,2750000.0,2225000.0,1700000.0,1700000.0,1450000.0,1137500.0,1125000.0,1000000.0,1000000.0,1000000.0,925000.0,925000.0,863333.0,750000.0,716666.0,710000.0,75000000
271,VGK,2019,1.0,,,,,7350000.0,6567500.0,6500000.0,5750000.0,5250000.0,5200000.0,5000000.0,5000000.0,4500000.0,3875000.0,3850000.0,2775000.0,2750000.0,2500000.0,2225000.0,2200000.0,1700000.0,1500000.0,1450000.0,1375000.0,962500.0,925000.0,750000.0,725000.0,675000.0,79500000
272,VGK,2020,1.0,1.0,1.0,,,9500000.0,7000000.0,7000000.0,6500000.0,5950000.0,5900000.0,5200000.0,5000000.0,5000000.0,5000000.0,4750000.0,4000000.0,3850000.0,2775000.0,2500000.0,2200000.0,1375000.0,1050000.0,1000000.0,1000000.0,925000.0,863333.0,850000.0,791667.0,775000.0,81500000
273,VGK,2021,1.0,1.0,1.0,,,9500000.0,8800000.0,7000000.0,7000000.0,5900000.0,5200000.0,5000000.0,5000000.0,5000000.0,4750000.0,4000000.0,2750000.0,2500000.0,2250000.0,1750000.0,1700000.0,1400000.0,1250000.0,894167.0,863333.0,800000.0,791667.0,750000.0,750000.0,725000.0,81500000
274,WPG,2012,,,,,,5200000.0,4500000.0,4400000.0,4062500.0,3750000.0,3500000.0,2550000.0,2500000.0,2383333.0,2200000.0,1850000.0,1700000.0,1300000.0,1250000.0,1150000.0,1000000.0,925000.0,900000.0,900000.0,866667.0,760000.0,750000.0,735000.0,715000.0,700000.0,64300000
275,WPG,2013,,,,,,5250000.0,5200000.0,4500000.0,4500000.0,4400000.0,4062500.0,3900000.0,3750000.0,2550000.0,2500000.0,2383333.0,1800000.0,1700000.0,1600000.0,1600000.0,1600000.0,1300000.0,1250000.0,900000.0,894167.0,866667.0,726000.0,700000.0,687500.0,650000.0,64300000
276,WPG,2014,,,,,,5750000.0,5600000.0,5250000.0,5200000.0,5142857.0,4700000.0,4500000.0,4400000.0,3900000.0,3000000.0,2333333.0,2066667.0,1700000.0,1600000.0,894167.0,866667.0,863333.0,760000.0,735000.0,715000.0,712500.0,675000.0,650000.0,650000.0,630000.0,64300000
277,WPG,2015,1.0,,,,,5750000.0,5600000.0,5500000.0,5250000.0,5200000.0,5142857.0,4700000.0,4400000.0,4000000.0,3900000.0,3300000.0,3000000.0,2950000.0,2625000.0,2066667.0,1600000.0,1500000.0,1200000.0,925000.0,900000.0,894167.0,863333.0,828333.0,725000.0,712500.0,69000000
278,WPG,2016,,,,,,5750000.0,5600000.0,5500000.0,5200000.0,4700000.0,4400000.0,4350000.0,3900000.0,3000000.0,2625000.0,2266250.0,1550000.0,1200000.0,1000000.0,925000.0,925000.0,894167.0,894167.0,894167.0,887500.0,863333.0,863333.0,850000.0,828333.0,758333.0,71400000
279,WPG,2017,,,,,,7600000.0,6125000.0,5750000.0,5600000.0,5500000.0,4700000.0,4350000.0,3900000.0,3308824.0,3000000.0,2625000.0,2125000.0,1550000.0,1200000.0,1150000.0,1125000.0,925000.0,925000.0,925000.0,925000.0,925000.0,925000.0,894167.0,887500.0,874125.0,73000000
280,WPG,2018,1.0,1.0,1.0,,,7600000.0,7000000.0,6125000.0,5750000.0,5600000.0,5500000.0,4700000.0,4333333.0,4125000.0,4100000.0,2812500.0,2250000.0,2125000.0,1400000.0,1150000.0,1125000.0,1000000.0,925000.0,925000.0,925000.0,925000.0,894167.0,894166.0,863333.0,850000.0,75000000
281,WPG,2019,1.0,,,,,7600000.0,6166666.0,6125000.0,6000000.0,5600000.0,5500000.0,5500000.0,5291667.0,5175000.0,4333333.0,4125000.0,3150000.0,2916667.0,2400000.0,1400000.0,1150000.0,1000000.0,1000000.0,925000.0,925000.0,925000.0,925000.0,894166.0,874125.0,839167.0,79500000
282,WPG,2020,,,,,,8250000.0,7142857.0,6750000.0,6166666.0,6125000.0,6000000.0,5291667.0,4333333.0,4125000.0,3850000.0,3150000.0,3000000.0,2916667.0,2280000.0,1225000.0,1000000.0,925000.0,900000.0,894166.0,850000.0,817500.0,792500.0,775000.0,775000.0,767500.0,81500000
283,WPG,2021,1.0,1.0,,,,8250000.0,7142857.0,6750000.0,6500000.0,6250000.0,6166666.0,6125000.0,6000000.0,5000000.0,4125000.0,3000000.0,3000000.0,2916667.0,2280000.0,2000000.0,1500000.0,1250000.0,1000000.0,900000.0,894167.0,894167.0,863333.0,817500.0,775000.0,750000.0,81500000
284,ANA,2012,,,,,,5600000.0,5325000.0,5100000.0,4500000.0,4000000.0,3800000.0,3000000.0,2390000.0,2175000.0,1800000.0,1500000.0,900000.0,875000.0,870000.0,750000.0,737500.0,735000.0,720000.0,715000.0,693000.0,687500.0,650000.0,612500.0,575000.0,550000.0,64300000
285,ANA,2013,1.0,,,,,5325000.0,5100000.0,4500000.0,3666667.0,3500000.0,3000000.0,2390000.0,2175000.0,1800000.0,1100000.0,1000000.0,925000.0,900000.0,870000.0,785000.0,737500.0,720000.0,700000.0,687500.0,637500.0,550000.0,525000.0,,,,64300000
286,ANA,2014,1.0,1.0,,,,8625000.0,8250000.0,4500000.0,4000000.0,3500000.0,3300000.0,2900000.0,2390000.0,2175000.0,2000000.0,1800000.0,1466667.0,1350000.0,1100000.0,1050000.0,925000.0,900000.0,894167.0,870000.0,863333.0,785000.0,752500.0,720000.0,700000.0,612500.0,64300000
287,ANA,2015,1.0,1.0,1.0,,,8625000.0,8250000.0,5500000.0,5000000.0,4500000.0,4000000.0,3875000.0,3500000.0,3333333.0,3250000.0,3000000.0,2880000.0,1600000.0,1466667.0,1350000.0,1266666.0,1262500.0,1150000.0,1100000.0,1000000.0,925000.0,900000.0,894167.0,870000.0,863333.0,69000000
288,ANA,2016,1.0,,,,,8625000.0,8250000.0,5000000.0,4600000.0,4000000.0,3812500.0,3750000.0,3250000.0,3000000.0,2950000.0,2250000.0,2000000.0,1800000.0,1750000.0,1700000.0,1600000.0,1262500.0,1150000.0,925000.0,900000.0,894167.0,875000.0,863333.0,752500.0,750000.0,71400000
289,ANA,2017,1.0,1.0,1.0,,,8625000.0,8250000.0,6875000.0,5713415.0,4875000.0,4150000.0,4000000.0,3853672.0,3750000.0,3700000.0,3250000.0,3000000.0,2300000.0,1800000.0,1750000.0,1600000.0,1000000.0,925000.0,900000.0,894167.0,863333.0,825000.0,803333.0,786667.0,775000.0,73000000
290,ANA,2018,1.0,,,,,8625000.0,8250000.0,6875000.0,5205556.0,4875000.0,4000000.0,3789444.0,3750000.0,3150000.0,3000000.0,2300000.0,2250000.0,2000000.0,1750000.0,1250000.0,1000000.0,925000.0,900000.0,894167.0,825000.0,794167.0,725000.0,701667.0,700000.0,680000.0,75000000
291,ANA,2019,,,,,,8625000.0,8250000.0,6875000.0,6500000.0,5205556.0,4100000.0,4000000.0,3789444.0,3750000.0,3387500.0,3250000.0,3150000.0,3000000.0,2600000.0,2300000.0,2000000.0,1750000.0,1640000.0,1300000.0,1133333.0,1000000.0,925000.0,900000.0,894166.0,874125.0,79500000
292,ANA,2020,,,,,,8250000.0,6500000.0,6400000.0,6000000.0,5825000.0,5250000.0,5205556.0,4100000.0,4000000.0,3789444.0,2800000.0,2600000.0,2300000.0,1498925.0,1250000.0,1133333.0,1125000.0,950000.0,925000.0,894166.0,874125.0,863333.0,850000.0,820000.0,750000.0,81500000
293,ANA,2021,,,,,,8250000.0,6500000.0,6400000.0,6000000.0,5825000.0,5250000.0,5205556.0,4100000.0,3900000.0,3789444.0,2800000.0,1700000.0,1500000.0,1450000.0,1300000.0,1200000.0,1133333.0,1000000.0,950000.0,925000.0,863333.0,820000.0,809166.0,750000.0,745000.0,81500000
294,WSH,2012,1.0,1.0,,,,9538462.0,6700000.0,5250000.0,4500000.0,3937500.0,3000000.0,2750000.0,2350000.0,1875000.0,1500000.0,1285000.0,1150000.0,900000.0,845833.0,825000.0,690000.0,579167.0,573333.0,571667.0,525000.0,512500.0,,,,,64300000
295,WSH,2013,1.0,,,,,9538462.0,6700000.0,6083333.0,5000000.0,4500000.0,3966667.0,3000000.0,2750000.0,2350000.0,1750000.0,1500000.0,1285000.0,1150000.0,1050000.0,950000.0,925000.0,900000.0,825000.0,690000.0,650000.0,600000.0,579167.0,578333.0,573333.0,541667.0,64300000
296,WSH,2014,,,,,,9538462.0,6700000.0,6083333.0,4500000.0,3966667.0,3750000.0,3666667.0,3000000.0,2800000.0,2400000.0,2000000.0,1962500.0,1850000.0,1750000.0,1500000.0,925000.0,900000.0,894167.0,853333.0,726000.0,700000.0,690000.0,640000.0,636667.0,586667.0,64300000
297,WSH,2015,1.0,1.0,,,,9538462.0,6700000.0,6083333.0,5750000.0,5500000.0,4500000.0,3966667.0,3666667.0,3000000.0,2800000.0,2550000.0,2000000.0,1850000.0,1500000.0,1200000.0,950000.0,900000.0,894167.0,853333.0,700000.0,625000.0,621667.0,595000.0,578333.0,575000.0,69000000
298,WSH,2016,1.0,1.0,,,,9538462.0,6700000.0,6100000.0,5750000.0,5500000.0,4500000.0,4175000.0,3966667.0,3750000.0,3250000.0,3000000.0,2800000.0,2250000.0,2000000.0,1750000.0,1666667.0,1000000.0,894167.0,812500.0,750000.0,725833.0,700000.0,636667.0,575000.0,,71400000
299,WSH,2017,1.0,1.0,,,,9538462.0,6700000.0,6100000.0,5750000.0,5500000.0,4583333.0,4250000.0,4175000.0,3966667.0,3500000.0,3000000.0,2800000.0,2570000.0,2250000.0,2000000.0,1750000.0,894167.0,863333.0,850000.0,812500.0,800000.0,750000.0,725833.0,692500.0,621667.0,73000000
300,WSH,2018,1.0,1.0,1.0,1.0,1.0,9538462.0,7800000.0,6700000.0,6100000.0,5750000.0,5500000.0,5100000.0,3966667.0,3500000.0,3000000.0,2000000.0,1750000.0,1500000.0,925000.0,900000.0,863333.0,800000.0,703333.0,660000.0,650000.0,625000.0,612500.0,,,,75000000
301,WSH,2019,1.0,,,,,9538462.0,8000000.0,7800000.0,6700000.0,6100000.0,5750000.0,5166666.0,5100000.0,4000000.0,3500000.0,3000000.0,2500000.0,1500000.0,1100000.0,1000000.0,863333.0,812500.0,800000.0,714166.0,675000.0,650000.0,,,,,79500000
302,WSH,2020,1.0,,,,,9538462.0,8000000.0,7800000.0,6700000.0,6250000.0,6100000.0,5750000.0,5166666.0,5100000.0,3500000.0,3350000.0,3270000.0,2750000.0,2500000.0,1500000.0,1250000.0,1050000.0,925000.0,805833.0,800000.0,750000.0,736666.0,714166.0,700000.0,675000.0,81500000
303,WSH,2021,1.0,,,,,9538462.0,9200000.0,8000000.0,7800000.0,5750000.0,5700000.0,5166666.0,5100000.0,4000000.0,3900000.0,3500000.0,3350000.0,2750000.0,2500000.0,1600000.0,1500000.0,894167.0,800000.0,795000.0,750000.0,745000.0,735000.0,725000.0,716667.0,700000.0,81500000
